0,1,2,3,4,5,6,7,8,9,10,11,12,13,14,15,16,17,18,19,20,21,22,23,24,25,26,27,28,29,30,31,32,33,34,35,36,37,38,39,40,41,42,43,44,45,46,47,48,49,50,51,52,53,54,55,56,57,58,59,60,61,62,63,64,65,66,67,68,69,70,71,72,73,74,75,76,77,78,79,80,81,82,83,84,85,86,87,88,89,90,91,92,93,94,95,96,97,98,99,100,101,102,103,104,105,106,107,108,109,110,111,112,113,114,115,116,117,118,119,120,121,122,123,124,125,126,127,128,129,130,131,132,133,134,135,136,137,138,139,140,141,142,143,144,145,146,147,148,149,150,151,152,153,154,155,156,157,158,159,160,161,162,163,164,165,166,167,168,169,170,171,172,173,174,175,176,177,178,179,180,181,182,183,184,185,186,187,188,189,190,191,192,193,194,195,196,197,198,199,200,201,202,203,204,205,206,207,208,209,210,211,212,213,214,215,216,217,218,219,220,221,222,223,224
149,149,149,149,149,149,149,149,149,149,149,149,149,149,149,149,149,149,149,149,149,149,149,149,149,149,149,149,149,149,149,149,149,149,149,149,149,149,149,149,149,149,149,149,149,149,149,149,149,149,149,149,149,149,149,149,149,149,149,149,149,149,149,149,149,149,149,149,149,149,149,149,148,148,148,148,148,148,148,148,147,147,147,148,148,149,149,149,149,149,149,149,149,149,149,149,148,148,148,148,148,148,148,148,148,148,148,148,148,148,148,148,149,149,149,149,149,149,149,149,149,149,149,149,149,149,149,149,149,149,149,149,149,149,149,149,151,151,151,151,151,151,151,151,149,149,149,149,149,149,149,149,149,149,149,149,149,149,149,149,149,149,149,149,149,149,149,149,149,149,149,149,149,149,149,149,149,149,149,149,149,149,149,149,149,149,149,149,149,149,149,149,149,149,149,149,149,149,149,149,149,149,149,149,149,149,149,149,149,149,149,149,149,149,149,149,149,149,149,149,149,149,149,149,149
149,149,149,149,149,149,149,149,149,149,149,149,149,149,149,149,149,149,149,149,149,149,149,149,149,149,149,149,149,149,149,149,149,149,149,149,149,149,149,149,149,149,149,149,149,149,149,149,149,149,149,149,149,149,149,149,149,149,149,149,149,149,149,149,149,149,149,149,149,149,149,149,148,148,148,148,148,148,148,148,147,148,148,148,149,149,149,149,150,150,150,150,150,150,150,150,149,149,149,149,149,149,149,149,149,149,149,149,149,149,149,149,150,150,150,150,150,150,150,150,150,150,150,150,150,150,150,150,149,149,149,149,149,149,149,149,151,151,151,151,151,151,151,151,149,149,149,149,149,149,149,149,149,149,149,149,149,149,149,149,149,149,149,149,149,149,149,149,149,149,149,149,149,149,149,149,149,149,149,149,149,149,149,149,149,149,149,149,149,149,149,149,149,149,149,149,149,149,149,149,149,149,149,149,149,149,149,149,149,149,149,149,149,149,149,149,149,149,149,149,149,149,149,149,149
149,149,149,149,149,149,149,149,149,149,149,149,149,149,149,149,149,149,149,149,149,149,149,149,149,149,149,149,149,149,149,149,149,149,149,149,149,149,149,149,149,149,149,149,149,149,149,149,149,149,149,149,149,149,149,149,149,149,149,149,149,149,149,149,149,149,149,149,149,149,149,149,149,149,149,149,149,149,149,149,148,148,149,149,149,150,150,150,150,150,150,150,150,150,150,150,150,150,150,150,150,150,150,150,150,150,150,150,150,150,150,150,150,150,150,150,150,150,150,150,150,150,150,150,150,150,150,150,150,150,150,150,150,150,150,150,151,151,151,151,151,151,151,151,149,149,149,149,149,149,149,149,149,149,149,149,149,149,149,149,149,149,149,149,149,149,149,149,149,149,149,149,149,149,149,149,149,149,149,149,149,149,149,149,149,149,149,149,149,149,149,149,149,149,149,149,149,149,149,149,149,149,149,149,149,149,149,149,149,149,149,149,149,149,149,149,149,149,149,149,149,149,149,149,149
149,149,149,149,149,149,149,149,149,149,149,149,149,149,149,149,149,149,149,149,149,149,149,149,149,149,149,149,149,149,149,149,149,149,149,149,149,149,149,149,149,149,149,149,149,149,149,149,149,149,149,149,149,149,149,149,149,149,149,149,149,149,149,149,149,149,149,149,149,149,149,149,149,149,149,149,149,149,149,149,149,149,149,150,150,151,151,151,151,151,151,151,151,151,151,151,151,151,151,151,151,151,151,151,151,151,151,151,151,151,151,151,151,151,151,151,151,151,151,151,151,151,151,151,151,151,151,151,150,150,150,150,150,150,150,150,151,151,151,151,151,151,151,151,149,149,149,149,149,149,149,149,149,149,149,149,149,149,149,149,149,149,149,149,149,149,149,149,149,149,149,149,149,149,149,149,149,149,149,149,149,149,149,149,149,149,149,149,149,149,149,149,149,149,149,149,149,149,149,149,149,149,149,149,149,149,149,149,149,149,149,149,149,149,149,149,149,149,149,149,149,149,149,149,149
149,149,149,149,149,149,149,149,149,149,149,149,149,149,149,149,149,149,149,149,149,149,149,149,149,149,149,149,149,149,149,149,149,149,149,149,149,149,149,149,149,149,149,149,149,149,149,149,149,149,149,149,149,149,149,149,149,149,149,149,149,149,149,149,149,149,149,149,149,149,149,149,150,150,150,150,150,150,150,150,150,150,150,151,151,152,152,152,152,152,152,152,152,152,152,152,152,152,152,152,152,152,152,152,152,152,152,152,152,152,152,152,152,152,152,152,152,152,152,152,152,152,152,152,152,152,152,152,151,151,151,151,151,151,151,151,151,151,151,151,151,151,151,151,149,149,149,149,149,149,149,149,149,149,149,149,149,149,149,149,149,149,149,149,149,149,149,149,149,149,149,149,149,149,149,149,149,149,149,149,149,149,149,149,149,149,149,149,149,149,149,149,149,149,149,149,149,149,149,149,149,149,149,149,149,149,149,149,149,149,149,149,149,149,149,149,149,149,149,149,149,149,149,149,149
149,149,149,149,149,149,149,149,149,149,149,149,149,149,149,149,149,149,149,149,149,149,149,149,149,149,149,149,149,149,149,149,149,149,149,149,149,149,149,149,149,149,149,149,149,149,149,149,149,149,149,149,149,149,149,149,149,149,149,149,149,149,149,149,149,149,149,149,149,149,149,149,150,150,150,150,150,150,150,150,151,151,151,152,152,152,153,153,153,153,153,153,153,153,153,153,154,154,154,154,154,154,154,154,154,154,154,154,154,154,154,154,153,153,153,153,153,153,153,153,153,153,153,153,153,153,153,153,151,151,151,151,151,151,151,151,151,151,151,151,151,151,151,151,149,149,149,149,149,149,149,149,149,149,149,149,149,149,149,149,149,149,149,149,149,149,149,149,149,149,149,149,149,149,149,149,149,149,149,149,149,149,149,149,149,149,149,149,149,149,149,149,149,149,149,149,149,149,149,149,149,149,149,149,149,149,149,149,149,149,149,149,149,149,149,149,149,149,149,149,149,149,149,149,149
149,149,149,149,149,149,149,149,149,149,149,149,149,149,149,149,149,149,149,149,149,149,149,149,149,149,149,149,149,149,149,149,149,149,149,149,149,149,149,149,149,149,149,149,149,149,149,149,149,149,149,149,149,149,149,149,149,149,149,149,149,149,149,149,149,149,149,149,149,149,149,149,150,150,150,150,150,150,150,150,152,152,152,152,153,153,153,154,154,154,154,154,154,154,154,154,155,155,155,155,155,155,155,155,155,155,155,155,155,155,155,155,154,154,154,154,154,154,154,154,154,154,154,154,154,154,154,154,152,152,152,152,152,152,152,152,151,151,151,151,151,151,151,151,149,149,149,149,149,149,149,149,149,149,149,149,149,149,149,149,149,149,149,149,149,149,149,149,149,149,149,149,149,149,149,149,149,149,149,149,149,149,149,149,149,149,149,149,149,149,149,149,149,149,149,149,149,149,149,149,149,149,149,149,149,149,149,149,149,149,149,149,149,149,149,149,149,149,149,149,149,149,149,149,149
149,149,149,149,149,149,149,149,149,149,149,149,149,149,149,149,149,149,149,149,149,149,149,149,149,149,149,149,149,149,149,149,149,149,149,149,149,149,149,149,149,149,149,149,149,149,149,149,149,149,149,149,149,149,149,149,149,149,149,149,149,149,149,149,149,149,149,149,149,149,149,149,151,151,151,151,151,151,151,151,152,152,152,153,153,154,154,154,154,154,154,154,154,154,154,154,155,155,155,155,155,155,155,155,155,155,155,155,155,155,155,155,154,154,154,154,154,154,154,154,154,154,154,154,154,154,154,154,152,152,152,152,152,152,152,152,151,151,151,151,151,151,151,151,149,149,149,149,149,149,149,149,149,149,149,149,149,149,149,149,149,149,149,149,149,149,149,149,149,149,149,149,149,149,149,149,149,149,149,149,149,149,149,149,149,149,149,149,149,149,149,149,149,149,149,149,149,149,149,149,149,149,149,149,149,149,149,149,149,149,149,149,149,149,149,149,149,149,149,149,149,149,149,149,149
149,149,149,149,149,149,149,149,149,149,149,149,149,149,149,149,149,149,149,149,149,149,149,149,149,149,149,149,149,149,149,149,149,149,149,149,149,149,149,149,149,149,149,149,149,149,149,149,147,147,148,148,148,149,149,149,148,148,149,149,149,150,150,150,149,149,150,150,150,151,151,151,151,152,152,152,153,153,153,153,155,155,155,155,155,155,155,155,156,156,156,157,157,158,158,158,158,158,158,158,158,158,158,158,157,157,157,157,157,157,157,157,157,157,157,157,157,157,157,157,158,158,158,157,157,156,156,156,157,157,156,156,156,155,155,155,155,154,154,154,153,153,153,153,152,152,152,152,151,151,150,150,151,151,151,151,150,150,149,149,149,149,149,149,149,149,149,149,151,149,148,148,150,152,154,155,153,157,153,145,145,153,155,150,149,149,149,149,149,149,149,149,149,149,149,149,149,149,149,149,149,149,149,149,149,149,149,149,149,149,149,149,149,149,149,149,149,149,149,149,149,149,149,149,149
149,149,149,149,149,149,149,149,149,149,149,149,149,149,149,149,149,149,149,149,149,149,149,149,149,149,149,149,149,149,149,149,149,149,149,149,149,149,149,149,149,149,149,149,149,149,149,149,147,147,148,148,149,149,149,149,149,149,149,149,150,150,150,151,150,150,150,151,151,151,152,152,152,152,153,153,153,154,154,154,155,155,155,155,155,155,155,155,156,157,157,157,158,158,158,159,159,159,159,159,159,159,159,159,158,158,158,158,158,158,158,158,158,158,158,158,158,158,158,158,159,158,158,158,157,157,157,156,157,157,157,157,156,156,156,155,155,155,155,154,154,154,153,153,153,153,152,152,152,151,151,151,152,152,151,151,150,150,150,150,149,149,149,149,149,149,149,149,141,145,146,145,151,158,155,146,136,139,149,159,155,143,142,150,149,149,149,149,149,149,149,149,149,149,149,149,149,149,149,149,149,149,149,149,149,149,149,149,149,149,149,149,149,149,149,149,149,149,149,149,149,149,149,149,149
149,149,149,149,149,149,149,149,149,149,149,149,149,149,149,149,149,149,149,149,149,149,149,149,149,149,149,149,149,149,149,149,149,149,149,149,149,149,149,149,149,149,149,149,149,149,149,149,148,148,148,148,149,149,150,150,149,149,150,150,150,151,151,151,151,151,151,152,152,152,153,153,153,154,154,154,155,155,155,156,157,157,157,157,157,157,157,157,158,158,158,158,159,159,159,160,160,160,160,160,160,160,160,160,159,159,159,159,159,159,159,159,159,159,159,159,159,159,159,159,160,159,159,159,158,158,158,158,158,158,158,158,157,157,157,156,156,156,156,155,155,155,154,154,154,154,154,153,153,152,152,152,152,152,152,152,151,151,150,150,150,150,150,150,150,150,150,150,153,154,152,148,142,142,149,157,153,153,151,148,147,146,143,139,149,149,149,149,149,149,149,149,149,149,149,149,149,149,149,149,149,149,149,149,149,149,149,149,149,149,149,149,149,149,149,149,149,149,149,149,149,149,149,149,149
149,149,149,149,149,149,149,149,149,149,149,149,149,149,149,149,149,149,149,149,149,149,149,149,149,149,149,149,149,149,149,149,149,149,149,149,149,149,149,149,149,149,149,149,149,149,149,149,148,148,149,149,149,150,150,150,150,150,151,151,151,152,152,152,152,152,153,153,153,154,154,154,155,155,156,156,156,157,157,157,159,159,159,159,159,159,159,159,159,159,159,160,160,160,161,161,161,161,161,161,161,161,161,161,161,161,161,161,161,161,161,161,161,161,161,161,161,161,161,161,161,161,160,160,160,159,159,159,160,160,159,159,159,158,158,158,158,157,157,157,156,156,156,155,155,155,155,154,154,154,153,153,153,153,153,152,152,152,151,151,150,150,150,150,150,150,150,150,157,145,145,158,158,144,136,140,154,152,152,152,152,151,148,147,149,149,149,149,149,149,149,149,149,149,149,149,149,149,149,149,149,149,149,149,149,149,149,149,149,149,149,149,149,149,149,149,149,149,149,149,149,149,149,149,149
149,149,149,149,149,149,149,149,149,149,149,149,149,149,149,149,149,149,149,149,149,149,149,149,149,149,149,149,149,149,149,149,149,149,149,149,149,149,149,149,149,149,149,149,149,149,149,149,149,149,149,149,150,150,151,151,151,151,152,152,152,153,153,153,154,154,154,154,155,155,155,156,157,157,158,158,158,159,159,159,160,160,160,160,160,160,160,160,160,160,161,161,162,162,162,162,162,162,162,162,162,162,162,162,163,163,163,163,163,163,163,163,163,163,163,163,163,163,163,163,162,162,162,162,161,161,160,160,161,161,161,160,160,160,159,159,159,159,159,158,158,157,157,157,157,157,156,156,156,155,155,155,154,154,154,153,153,153,152,152,151,151,151,151,151,151,151,151,138,145,152,150,142,142,157,175,162,149,146,151,145,134,144,165,149,149,149,149,149,149,149,149,149,149,149,149,149,149,149,149,149,149,149,149,149,149,149,149,149,149,149,149,149,149,149,149,149,149,149,149,149,149,149,149,149
149,149,149,149,149,149,149,149,149,149,149,149,149,149,149,149,149,149,149,149,149,149,149,149,149,149,149,149,149,149,149,149,149,149,149,149,149,149,149,149,149,149,149,149,149,149,149,149,149,149,149,150,150,151,151,151,152,152,152,153,153,154,154,154,155,155,155,156,156,157,157,157,159,159,159,160,160,161,161,161,162,162,162,162,162,162,162,162,162,162,162,162,163,163,164,164,164,164,164,164,164,164,164,164,165,165,165,165,165,165,165,165,165,165,165,165,165,165,165,165,164,164,163,163,162,162,162,162,163,162,162,162,161,161,161,161,160,160,160,160,159,159,158,158,158,158,158,157,157,156,156,156,155,155,155,154,154,154,153,153,151,151,151,151,151,151,151,151,144,155,155,147,156,180,187,176,111,130,145,151,163,173,162,140,149,149,149,149,149,149,149,149,149,149,149,149,149,149,149,149,149,149,149,149,149,149,149,149,149,149,149,149,149,149,149,149,149,149,149,149,149,149,149,149,149
149,149,149,149,149,149,149,149,149,149,149,149,149,149,149,149,149,149,149,149,149,149,149,149,149,149,149,149,149,149,149,149,149,149,149,149,149,149,149,149,149,149,149,149,149,149,149,149,149,150,150,150,151,151,151,151,153,153,153,153,154,154,155,155,156,156,156,157,157,158,158,158,160,160,161,161,162,162,162,162,164,164,164,164,164,164,164,164,163,163,163,164,164,164,165,165,165,165,165,165,165,165,165,165,166,166,166,166,166,166,166,166,166,166,166,166,166,166,166,166,165,165,164,164,164,163,163,163,164,163,163,163,162,162,162,162,161,161,161,161,160,160,159,159,159,159,159,158,158,158,157,157,156,156,155,155,155,154,154,154,152,152,152,152,152,152,152,152,161,154,152,168,193,189,136,77,55,64,51,32,53,111,152,158,149,149,149,149,149,149,149,149,149,149,149,149,149,149,149,149,149,149,149,149,149,149,149,149,149,149,149,149,149,149,149,149,149,149,149,149,149,149,149,149,149
149,149,149,149,149,149,149,149,149,149,149,149,149,149,149,149,149,149,149,149,149,149,149,149,149,149,149,149,149,149,149,149,149,149,149,149,149,149,149,149,149,149,149,149,149,149,149,149,150,150,150,150,151,151,151,152,153,153,153,154,154,155,155,155,156,157,157,157,158,158,158,159,161,161,162,162,162,163,163,163,164,164,164,164,164,164,164,164,163,163,164,164,164,165,165,165,165,165,165,165,165,165,165,165,167,167,167,167,167,167,167,167,167,167,167,167,167,167,167,167,165,165,165,164,164,164,163,163,164,164,164,163,163,163,162,162,162,162,161,161,161,160,160,160,160,160,159,159,158,158,158,158,156,156,156,155,155,155,154,154,152,152,152,152,152,152,152,152,153,168,188,181,129,67,44,54,50,48,56,62,49,49,103,172,149,149,149,149,149,149,149,149,149,149,149,149,149,149,149,149,149,149,149,149,149,149,149,149,149,149,149,149,149,149,149,149,149,149,149,149,149,149,149,149,149
149,149,149,149,149,149,149,149,149,149,149,149,149,149,149,149,149,149,149,149,149,149,149,149,149,149,149,149,149,149,149,149,143,153,147,151,153,144,144,137,155,149,151,156,153,145,145,153,150,149,150,152,156,157,155,152,154,154,155,155,156,157,158,158,158,159,159,160,161,162,162,162,166,166,166,165,165,164,164,164,164,164,164,165,165,165,166,166,167,167,168,168,168,169,169,169,169,169,169,169,169,169,169,169,169,169,169,169,169,169,169,169,169,169,169,169,169,169,169,169,169,169,169,168,168,168,167,167,167,167,166,166,166,165,165,165,165,165,164,164,164,163,163,163,162,162,162,161,160,159,159,158,158,158,158,157,157,156,156,156,159,158,157,156,155,154,152,151,188,185,137,64,33,52,62,47,51,46,50,44,46,46,46,167,155,153,150,148,147,148,150,151,151,151,151,151,151,151,151,151,149,149,149,149,149,149,149,149,149,149,149,149,149,149,149,149,149,149,149,149,149,149,149,149,151
149,149,149,149,149,149,149,149,149,149,149,149,149,149,149,149,149,149,149,149,149,149,149,149,149,149,149,149,149,149,149,149,148,152,146,153,151,142,152,156,159,163,142,117,136,181,185,155,146,150,154,154,151,150,151,154,154,155,155,156,157,158,158,158,159,159,160,160,161,162,163,163,164,164,165,165,166,166,167,167,164,165,165,165,166,166,166,167,168,168,168,169,169,169,170,170,170,170,170,170,170,170,170,170,170,170,170,170,170,170,170,170,170,170,170,170,170,170,170,170,170,170,169,169,169,168,168,168,168,168,167,167,166,166,166,166,165,165,165,164,164,164,163,163,163,163,162,161,160,160,159,159,159,158,158,158,157,157,157,156,154,146,150,157,153,158,185,211,180,92,34,47,61,43,39,61,64,49,45,42,54,56,47,151,156,154,151,148,147,148,150,151,151,151,151,151,151,151,151,151,149,149,149,149,149,149,149,149,149,149,149,149,149,149,149,149,149,149,149,149,149,149,149,149,151
149,149,149,149,149,149,149,149,149,149,149,149,149,149,149,149,149,149,149,149,149,149,149,149,149,149,149,149,149,149,149,149,153,152,146,154,150,143,159,165,124,71,38,47,61,70,106,154,180,170,156,146,144,150,158,163,155,156,156,157,158,159,159,160,160,160,161,162,162,163,164,164,162,162,164,165,167,169,171,171,166,166,166,167,167,167,168,168,169,169,170,170,170,171,171,171,171,171,171,171,171,171,171,171,171,171,171,171,171,171,171,171,171,171,171,171,171,171,171,171,171,171,171,170,170,170,169,169,169,169,169,168,168,167,167,167,166,166,166,166,165,165,164,164,164,164,163,162,162,161,160,160,160,159,159,159,158,158,158,158,149,160,160,145,159,204,199,145,37,48,61,70,80,90,90,85,65,57,56,52,53,50,44,143,156,154,151,148,148,149,150,152,151,151,151,151,151,151,151,151,149,149,149,149,149,149,149,149,149,149,149,149,149,149,149,149,149,149,149,149,149,149,149,149,151
149,149,149,149,149,149,149,149,149,149,149,149,149,149,149,149,149,149,149,149,149,149,149,149,149,149,149,149,149,149,149,149,154,153,146,150,150,151,156,137,39,45,61,72,65,50,49,60,90,120,154,166,158,150,155,165,157,157,158,158,159,160,161,161,161,162,162,163,164,164,165,165,160,161,164,166,169,172,174,175,168,168,168,168,169,169,170,170,171,171,171,172,172,173,173,173,173,173,173,173,173,173,173,173,173,173,173,173,173,173,173,173,173,173,173,173,173,173,173,173,173,173,173,172,172,171,171,171,171,171,170,170,170,169,169,169,168,168,167,167,166,166,166,166,165,165,164,164,163,162,162,161,161,161,160,160,160,159,159,159,149,158,171,176,189,197,137,40,64,74,79,76,74,74,67,56,67,64,62,59,54,47,42,128,156,154,151,149,148,149,151,152,151,151,151,151,151,151,151,151,149,149,149,149,149,149,149,149,149,149,149,149,149,149,149,149,149,149,149,149,149,149,149,149,151
149,149,149,149,149,149,149,149,149,149,149,149,149,149,149,149,149,149,149,149,149,149,149,149,149,149,149,149,149,149,149,149,151,154,146,145,151,161,144,85,40,61,64,48,54,81,86,68,57,73,102,136,163,171,163,153,158,158,159,160,161,161,162,162,163,163,164,164,165,166,166,167,162,163,165,168,171,173,176,177,170,170,170,170,171,171,171,172,173,173,173,174,174,175,175,175,175,175,175,175,175,175,175,175,175,175,175,175,175,175,175,175,175,175,175,175,175,175,175,175,175,175,175,174,174,173,173,173,173,173,172,172,172,171,171,171,169,169,169,168,168,168,167,167,167,166,166,165,164,164,163,163,162,162,162,162,161,161,160,160,154,146,182,218,181,101,54,48,92,75,65,71,81,83,84,87,77,64,52,57,62,57,42,101,157,155,152,149,149,149,151,153,151,151,151,151,151,151,151,151,149,149,149,149,149,149,149,149,149,149,149,149,149,149,149,149,149,149,149,149,149,149,149,149,151
149,149,149,149,149,149,149,149,149,149,149,149,149,149,149,149,149,149,149,149,149,149,149,149,149,149,149,149,149,149,149,149,148,154,147,144,151,164,131,44,50,47,55,73,86,89,93,99,101,76,56,71,113,151,166,164,159,160,160,161,162,163,163,164,164,164,165,166,166,167,168,168,166,166,168,170,172,173,175,175,171,171,172,172,173,173,173,173,175,175,175,176,176,176,177,177,177,177,177,177,177,177,177,177,177,177,177,177,177,177,177,177,177,177,177,177,177,177,177,177,177,177,176,176,176,175,175,175,175,174,174,174,173,173,173,172,170,170,170,170,169,169,169,168,168,168,167,166,166,165,164,164,164,164,163,163,162,162,162,162,159,184,198,165,97,43,47,81,70,88,90,73,67,77,75,62,70,63,52,60,61,54,40,88,157,155,152,150,149,150,152,153,151,151,151,151,151,151,151,151,149,149,149,149,149,149,149,149,149,149,149,149,149,149,149,149,149,149,149,149,149,149,149,149,151
149,149,149,149,149,149,149,149,149,149,149,149,149,149,149,149,149,149,149,149,149,149,149,149,149,149,149,149,149,149,149,149,147,151,149,148,150,159,123,32,40,55,64,60,56,60,65,66,64,76,81,72,64,81,124,161,161,161,161,162,163,164,164,165,165,165,166,167,168,168,169,169,170,170,171,171,172,172,173,173,173,173,173,174,174,174,175,175,176,176,177,177,177,178,178,178,178,178,178,178,178,178,178,178,178,178,178,178,178,178,178,178,178,178,178,178,178,178,178,178,178,178,178,177,177,177,176,176,176,176,175,175,175,174,174,174,172,171,171,171,170,170,170,169,169,169,168,168,167,166,165,165,165,165,164,164,164,163,163,163,178,204,158,69,38,59,75,78,77,61,54,62,65,55,47,49,59,60,54,63,57,46,38,81,158,156,153,150,149,150,152,154,151,151,151,151,151,151,151,151,149,149,149,149,149,149,149,149,149,149,149,149,149,149,149,149,149,149,149,149,149,149,149,149,151
149,149,149,149,149,149,149,149,149,149,149,149,149,149,149,149,149,149,149,149,149,149,149,149,149,149,149,149,149,149,149,149,148,149,149,153,150,153,121,38,50,49,54,60,59,58,68,84,84,99,106,91,66,61,84,110,161,161,162,163,164,164,165,165,166,166,166,167,168,169,169,170,173,173,173,172,172,171,171,171,173,174,174,174,175,175,175,176,177,177,177,178,178,178,179,179,179,179,179,179,179,179,179,179,179,179,179,179,179,179,179,179,179,179,179,179,179,179,179,179,179,179,178,178,178,177,177,177,177,176,176,176,175,175,175,175,172,172,172,171,171,170,170,170,170,169,169,168,167,166,166,166,165,165,165,164,164,164,163,163,205,159,76,34,57,70,71,88,98,106,113,108,93,77,66,61,63,55,41,56,61,55,40,67,158,156,153,150,149,150,152,154,151,151,151,151,151,151,151,151,149,149,149,149,149,149,149,149,149,149,149,149,149,149,149,149,149,149,149,149,149,149,149,149,151
149,149,149,149,149,149,149,149,149,149,149,149,149,149,149,149,149,149,149,149,149,149,149,149,149,149,149,149,149,149,149,149,151,150,151,150,153,151,103,35,38,49,61,66,64,64,68,74,60,67,74,77,74,70,69,70,96,138,169,167,157,162,167,164,161,161,166,172,173,168,164,162,174,174,174,175,175,176,176,176,176,176,177,177,177,178,178,178,175,176,178,180,182,182,183,183,177,177,177,178,179,179,180,180,179,180,181,182,183,184,185,185,180,179,178,177,176,176,176,176,177,177,177,178,181,185,188,190,173,180,178,183,173,180,181,190,176,176,176,175,175,174,174,174,170,170,170,169,169,169,168,168,160,163,159,164,166,166,185,203,165,76,42,63,75,95,105,80,94,91,87,82,77,73,71,69,50,58,58,56,61,61,34,79,167,150,148,154,151,150,153,150,151,151,151,151,151,151,151,151,149,149,149,149,149,149,149,149,149,149,149,149,149,149,149,149,149,149,149,149,149,149,149,149,151
149,149,149,149,149,149,149,149,149,149,149,149,149,149,149,149,149,149,149,149,149,149,149,149,149,149,149,149,149,149,149,149,151,150,151,150,153,151,103,35,57,56,57,60,64,66,64,61,68,66,68,76,84,85,77,68,63,78,119,168,186,173,162,166,166,168,171,173,171,170,173,177,174,175,175,175,176,176,176,177,177,177,177,178,178,178,179,179,177,179,183,185,184,181,177,174,194,193,191,188,186,183,181,180,183,182,180,177,174,172,170,168,181,180,179,178,178,179,180,181,181,180,179,178,177,178,178,179,175,172,166,170,172,178,176,175,177,176,176,176,175,175,175,174,171,171,171,170,170,170,169,169,165,152,181,167,154,204,205,156,74,42,55,85,85,85,82,60,58,64,73,80,80,74,65,59,58,62,57,51,55,56,35,85,167,149,148,154,151,150,153,150,151,151,151,151,151,151,151,151,149,149,149,149,149,149,149,149,149,149,149,149,149,149,149,149,149,149,149,149,149,149,149,149,151
149,149,149,149,149,149,149,149,149,149,149,149,149,149,149,149,149,149,149,149,149,149,149,149,149,149,149,149,149,149,149,149,151,150,151,150,153,151,103,35,50,62,71,66,53,49,61,76,96,97,96,94,91,89,88,88,88,61,61,107,159,178,176,174,172,176,179,175,169,168,171,175,176,176,176,176,177,177,177,178,178,178,178,179,179,179,180,180,185,182,177,175,178,185,193,199,178,178,178,178,179,179,179,179,180,180,181,181,182,182,183,183,176,179,182,185,184,181,177,174,179,180,182,184,183,182,179,177,182,183,187,186,187,179,175,169,178,177,177,177,176,176,176,176,173,173,172,172,172,171,171,171,170,183,163,181,203,193,158,77,58,57,69,75,65,65,73,71,72,65,55,49,50,59,71,79,65,65,56,48,50,52,36,93,166,149,147,154,150,149,152,150,151,151,151,151,151,151,151,151,149,149,149,149,149,149,149,149,149,149,149,149,149,149,149,149,149,149,149,149,149,149,149,149,151
149,149,149,149,149,149,149,149,149,149,149,149,149,149,149,149,149,149,149,149,149,149,149,149,149,149,149,149,149,149,149,149,151,150,151,150,153,151,103,35,62,54,48,51,63,71,72,69,83,83,81,73,65,64,71,79,91,81,64,65,106,159,178,168,167,172,175,172,172,175,174,169,177,177,177,178,178,178,179,179,179,179,180,180,180,181,181,181,187,187,186,185,183,182,180,180,185,185,185,185,185,185,185,185,194,194,193,192,190,189,188,188,192,192,191,189,187,185,183,181,185,184,183,181,179,178,176,175,178,177,181,180,186,182,182,177,179,179,178,178,178,177,177,177,175,175,175,174,174,173,173,173,181,164,188,202,207,149,49,46,45,63,75,75,76,81,83,81,78,74,68,62,59,58,60,61,64,63,57,53,52,50,35,97,166,149,147,153,150,149,152,149,151,151,151,151,151,151,151,151,149,149,149,149,149,149,149,149,149,149,149,149,149,149,149,149,149,149,149,149,149,149,149,149,151
149,149,149,149,149,149,149,149,149,149,149,149,149,149,149,149,149,149,149,149,149,149,149,149,149,149,149,149,149,149,149,149,151,150,151,150,153,151,103,35,47,60,70,64,51,50,67,86,71,66,64,68,77,83,82,79,75,93,90,63,57,93,143,171,166,170,169,166,174,187,187,178,178,178,179,179,180,180,180,180,181,181,181,181,182,182,182,183,185,184,182,181,181,183,184,185,184,185,187,190,193,196,198,200,177,174,169,161,153,146,140,137,119,117,116,119,128,140,152,160,152,162,177,190,196,194,188,183,194,185,176,175,179,183,180,176,180,180,180,180,179,179,178,178,178,177,177,177,176,176,176,175,167,185,197,209,133,49,58,48,62,85,95,92,96,100,93,84,72,76,80,80,73,61,48,40,56,58,59,60,59,51,35,100,165,148,146,153,150,149,152,149,151,151,151,151,151,151,151,151,149,149,149,149,149,149,149,149,149,149,149,149,149,149,149,149,149,149,149,149,149,149,149,149,151
149,149,149,149,149,149,149,149,149,149,149,149,149,149,149,149,149,149,149,149,149,149,149,149,149,149,149,149,149,149,149,149,151,150,151,150,153,151,103,35,71,64,58,58,63,65,62,57,77,81,87,94,98,98,93,89,82,83,87,80,55,44,80,129,170,178,176,168,171,185,187,178,180,180,180,180,181,181,182,182,182,182,182,183,183,184,184,184,182,183,186,189,192,193,194,194,181,175,165,152,138,124,114,109,137,136,136,135,134,133,132,131,126,124,121,115,106,97,89,85,99,88,74,68,77,99,124,142,152,170,178,191,175,179,174,183,182,182,181,181,180,180,180,180,180,180,179,179,178,178,178,178,184,202,204,115,50,53,51,71,84,97,97,83,78,82,85,84,74,72,68,64,59,55,52,51,50,53,57,63,62,53,39,109,165,148,146,152,149,148,151,148,151,151,151,151,151,151,151,151,149,149,149,149,149,149,149,149,149,149,149,149,149,149,149,149,149,149,149,149,149,149,149,149,151
149,149,149,149,149,149,149,149,149,149,149,149,149,149,149,149,149,149,149,149,149,149,149,149,149,149,149,149,149,149,149,149,151,150,151,150,153,151,103,35,57,67,75,71,58,52,57,65,67,73,78,75,67,63,66,71,76,69,77,95,91,66,48,49,128,159,180,176,172,178,180,172,181,181,181,182,182,182,183,183,183,183,183,184,184,185,185,185,185,190,196,195,184,164,142,128,105,105,105,105,105,106,106,106,98,100,103,108,113,118,122,124,105,109,114,116,114,106,97,91,95,98,102,104,101,94,86,81,73,109,128,171,157,182,176,194,183,183,182,182,182,181,181,181,181,181,181,181,180,180,180,179,196,199,108,46,56,57,61,69,59,67,76,77,74,78,80,76,66,67,67,65,61,56,51,48,50,50,52,59,59,52,46,124,165,147,145,152,149,148,151,148,151,151,151,151,151,151,151,151,149,149,149,149,149,149,149,149,149,149,149,149,149,149,149,149,149,149,149,149,149,149,149,149,151
149,149,149,149,149,149,149,149,149,149,149,149,149,149,149,149,149,149,149,149,149,149,149,149,149,149,149,149,149,149,149,149,151,150,151,150,153,151,103,35,53,58,64,67,67,65,64,63,81,70,57,51,55,63,71,74,73,75,69,66,83,96,76,41,59,117,170,182,178,181,182,177,181,181,182,182,182,183,183,183,183,184,184,184,185,185,185,186,201,186,160,134,114,104,101,101,109,111,115,121,127,132,136,139,143,142,139,136,133,130,127,126,114,109,101,94,91,91,94,96,94,96,97,98,96,92,88,85,91,99,84,136,141,192,176,183,183,183,183,182,182,182,181,181,182,182,182,182,181,181,180,180,205,102,37,48,72,67,60,76,98,87,86,88,87,93,99,92,81,76,68,61,56,54,54,55,53,49,48,53,54,50,51,136,164,147,145,152,149,148,151,148,151,151,151,151,151,151,151,151,149,149,149,149,149,149,149,149,149,149,149,149,149,149,149,149,149,149,149,149,149,149,149,149,151
149,149,149,149,149,149,149,149,149,149,149,149,149,149,149,149,149,149,149,149,149,149,149,149,149,149,149,149,149,149,149,149,149,149,150,152,156,152,131,28,57,58,60,64,68,68,66,64,52,55,60,66,72,75,77,78,83,75,63,54,51,57,65,72,58,69,107,159,186,181,176,182,188,183,178,178,184,188,188,184,192,195,181,189,189,180,194,189,170,144,118,110,111,116,127,139,133,128,133,138,122,100,103,123,116,105,114,110,117,115,131,104,82,96,106,90,93,113,101,84,92,95,87,95,90,83,78,71,77,85,76,63,142,176,177,194,187,181,177,179,185,189,186,182,186,192,178,177,181,182,195,190,94,67,55,55,50,62,89,105,93,99,108,114,112,103,92,84,95,91,84,75,66,59,54,51,58,50,50,60,47,52,35,162,151,151,151,151,151,151,151,151,151,151,151,151,151,151,151,151,151,151,151,151,151,151,151,151,149,149,149,149,149,149,149,149,149,149,149,149,149,149,149,149,151
149,149,149,149,149,149,149,149,149,149,149,149,149,149,149,149,149,149,149,149,149,149,149,149,149,149,149,149,149,149,149,149,150,147,151,154,153,150,135,33,53,56,62,67,71,71,69,67,67,69,74,81,91,102,110,116,117,115,111,103,92,81,70,64,64,55,71,116,151,161,167,178,183,182,186,192,193,188,185,187,191,192,183,190,189,185,191,172,123,118,113,113,120,129,132,130,112,126,132,122,116,121,126,124,126,119,123,110,116,121,133,106,95,93,108,110,102,93,87,102,108,100,96,111,103,104,101,119,115,107,127,100,95,128,171,171,189,185,181,182,187,189,186,182,185,177,183,184,189,190,177,125,48,41,47,63,70,75,87,96,107,103,98,94,92,92,94,96,84,84,83,80,75,67,60,55,56,52,50,59,51,48,50,159,151,151,151,151,151,151,151,151,151,151,151,151,151,151,151,151,151,151,151,151,151,151,151,151,149,149,149,149,149,149,149,149,149,149,149,149,149,149,149,149,151
149,149,149,149,149,149,149,149,149,149,149,149,149,149,149,149,149,149,149,149,149,149,149,149,149,149,149,149,149,149,149,149,152,144,151,156,150,149,143,45,47,54,64,72,76,76,74,73,77,82,92,105,118,129,137,141,134,126,114,101,92,88,87,88,76,61,53,70,108,144,168,177,185,183,186,193,193,186,184,187,190,189,186,191,190,192,184,145,98,111,121,126,132,137,127,111,114,129,130,115,114,127,129,117,112,127,146,131,124,120,119,102,103,94,98,93,88,83,67,66,82,86,110,113,99,95,71,81,84,57,81,80,83,122,175,189,192,189,187,188,190,190,187,183,193,182,195,158,141,151,150,98,69,67,66,73,82,84,89,102,113,111,106,103,101,101,102,103,84,79,71,64,59,59,61,62,54,56,49,56,56,43,76,155,151,151,151,151,151,151,151,151,151,151,151,151,151,151,151,151,151,151,151,151,151,151,151,151,149,149,149,149,149,149,149,149,149,149,149,149,149,149,149,149,151
149,149,149,149,149,149,149,149,149,149,149,149,149,149,149,149,149,149,149,149,149,149,149,149,149,149,149,149,149,149,149,149,153,142,152,158,148,147,151,61,40,51,65,76,81,82,82,83,82,93,109,125,135,138,136,133,109,100,88,78,75,79,87,93,78,77,61,46,66,116,154,166,188,185,183,183,184,186,186,186,188,186,189,191,191,195,171,117,98,110,121,126,128,125,113,99,130,124,120,120,121,119,119,120,113,122,132,117,107,102,101,112,156,133,119,103,100,99,84,83,73,85,127,94,97,112,103,105,87,89,85,75,78,58,77,158,192,192,192,193,193,191,187,184,182,178,165,82,58,75,95,78,124,136,139,142,147,131,113,113,107,112,120,125,126,121,115,110,118,107,88,70,57,52,53,55,52,58,49,54,59,42,104,151,151,151,151,151,151,151,151,151,151,151,151,151,151,151,151,151,151,151,151,151,151,151,151,151,149,149,149,149,149,149,149,149,149,149,149,149,149,149,149,149,151
149,149,149,149,149,149,149,149,149,149,149,149,149,149,149,149,149,149,149,149,149,149,149,149,149,149,149,149,149,149,149,149,152,144,152,157,148,146,156,81,36,49,66,77,83,87,92,97,104,112,124,133,136,133,126,121,104,107,109,110,106,99,92,87,74,78,71,52,47,72,113,143,168,181,190,187,184,188,191,191,188,186,192,191,193,193,152,97,108,107,111,116,114,107,104,107,130,116,112,121,124,117,119,130,130,110,106,125,157,165,147,167,153,112,101,105,95,73,70,104,104,106,153,96,106,95,91,83,77,95,80,76,97,71,59,145,188,191,194,196,194,191,188,187,192,194,139,55,61,74,72,71,70,78,73,76,101,123,139,159,134,124,109,96,91,95,104,110,101,95,85,74,64,57,53,51,50,59,50,54,57,47,130,150,151,151,151,151,151,151,151,151,151,151,151,151,151,151,151,151,151,151,151,151,151,151,151,151,149,149,149,149,149,149,149,149,149,149,149,149,149,149,149,149,151
149,149,149,149,149,149,149,149,149,149,149,149,149,149,149,149,149,149,149,149,149,149,149,149,149,149,149,149,149,149,149,149,150,148,151,154,150,145,158,100,35,49,65,76,82,90,102,113,134,134,134,134,132,130,128,127,122,122,120,117,113,109,105,102,88,80,79,79,63,51,79,123,125,152,183,197,195,190,192,198,188,188,194,190,195,184,130,88,133,125,120,120,113,104,108,120,128,125,121,117,114,115,120,125,127,145,160,146,111,86,95,182,113,89,93,106,109,96,80,91,95,87,137,110,133,100,101,100,91,92,81,80,91,101,79,91,179,186,193,196,194,191,189,190,184,191,105,53,74,76,62,70,70,79,79,75,77,76,70,66,104,114,128,139,139,130,116,107,81,77,70,63,57,54,54,54,50,58,52,55,50,58,148,150,151,151,151,151,151,151,151,151,151,151,151,151,151,151,151,151,151,151,151,151,151,151,151,151,149,149,149,149,149,149,149,149,149,149,149,149,149,149,149,149,151
149,149,149,149,149,149,149,149,149,149,149,149,149,149,149,149,149,149,149,149,149,149,149,149,149,149,149,149,149,149,149,149,147,153,150,150,154,145,157,116,36,49,64,73,80,92,111,126,143,141,138,136,135,135,136,137,121,114,104,96,94,97,103,107,100,84,80,89,81,63,69,92,85,96,134,181,200,190,187,197,188,191,194,189,197,174,110,87,128,128,128,123,116,111,115,121,122,129,128,115,107,112,122,126,153,130,103,94,102,115,113,186,96,82,81,81,97,108,88,73,108,89,98,86,96,71,81,88,83,93,104,94,66,89,84,76,170,179,190,195,193,190,190,192,190,188,87,74,80,78,82,100,106,108,107,96,85,83,78,63,70,69,70,75,87,104,120,130,115,106,92,77,64,56,52,50,50,56,54,56,43,70,159,152,151,151,151,151,151,151,151,151,151,151,151,151,151,151,151,151,151,151,151,151,151,151,151,151,149,149,149,149,149,149,149,149,149,149,149,149,149,149,149,149,151
149,149,149,149,149,149,149,149,149,149,149,149,149,149,149,149,149,149,149,149,149,149,149,149,149,149,149,149,149,149,149,149,145,157,149,147,156,145,157,125,37,49,63,71,78,93,116,134,133,135,137,140,141,141,140,139,123,125,128,128,123,115,107,101,93,81,71,72,79,78,66,54,66,48,76,150,195,188,180,191,188,193,195,188,198,167,98,88,84,100,111,109,108,114,117,116,109,116,120,116,110,114,130,146,125,111,94,98,119,128,89,142,129,90,70,62,66,74,82,108,98,102,99,109,112,107,108,102,99,100,92,88,80,103,81,73,163,175,188,193,192,190,191,194,182,161,52,73,68,68,86,95,97,113,140,149,147,148,137,109,72,69,64,61,61,66,73,77,103,102,98,92,82,70,59,52,51,54,56,58,38,78,163,154,151,151,151,151,151,151,151,151,151,151,151,151,151,151,151,151,151,151,151,151,151,151,151,151,149,149,149,149,149,149,149,149,149,149,149,149,149,149,149,149,151
149,149,149,149,149,149,149,149,149,149,149,149,149,149,149,149,152,152,151,151,150,150,150,150,148,148,149,149,150,150,150,150,148,149,149,150,151,151,152,152,45,46,58,65,80,86,121,130,127,146,165,168,154,138,132,133,159,160,155,138,115,98,92,93,91,84,76,72,72,70,65,60,51,66,55,131,195,181,195,202,202,198,204,203,194,142,92,122,124,108,106,123,127,113,108,117,123,127,142,118,133,129,154,126,100,124,134,145,115,145,167,106,104,118,121,140,134,93,80,85,128,87,97,77,72,76,82,89,82,83,85,87,89,91,93,94,129,183,204,198,201,189,181,199,195,161,85,55,75,72,68,68,78,89,66,77,81,105,137,144,161,132,94,70,64,64,60,54,61,68,78,87,90,84,73,63,54,60,52,42,41,94,151,154,150,150,150,149,149,149,148,148,149,151,155,148,153,153,138,147,147,148,148,149,150,151,151,152,150,150,150,150,149,149,148,148,149,149,149,149,149,149,149,149,151
149,149,149,149,149,149,149,149,149,149,149,149,149,149,149,149,151,151,151,151,150,150,149,149,148,148,149,149,150,150,150,150,149,149,150,150,151,152,152,153,53,38,51,63,71,73,127,167,147,152,147,132,123,126,133,136,124,111,98,97,103,104,95,84,69,76,83,85,81,77,75,76,74,70,51,85,159,199,200,182,194,189,195,189,174,134,97,120,107,106,111,118,116,111,115,125,143,139,118,123,118,125,154,111,127,140,139,115,109,123,84,91,103,76,97,85,89,121,94,80,89,99,135,131,133,112,115,103,89,85,80,78,82,92,103,110,122,175,199,192,195,200,201,210,161,140,82,77,99,101,91,94,96,118,102,130,120,88,68,45,60,83,107,113,99,80,69,66,63,61,62,71,82,86,80,73,59,59,50,42,38,111,152,153,151,151,150,150,149,149,149,149,149,151,155,148,153,153,138,147,147,148,148,149,150,150,151,151,150,150,150,150,149,149,148,148,149,149,149,149,149,149,149,149,151
149,149,149,149,149,149,149,149,149,149,149,149,149,149,149,149,151,151,150,150,149,149,149,149,148,148,149,149,150,150,150,150,149,150,150,151,152,153,153,153,70,40,48,58,67,73,125,165,140,145,148,139,121,107,105,109,117,112,109,109,115,121,125,126,111,109,102,88,71,59,55,55,55,52,52,49,101,174,196,201,198,203,213,193,155,120,104,121,96,103,108,109,114,127,141,149,130,151,115,110,112,152,139,110,138,111,128,122,94,134,131,114,153,120,135,90,54,92,98,92,73,107,94,101,97,89,100,90,103,104,104,104,100,95,89,86,73,137,193,205,197,184,156,126,79,96,69,74,66,74,90,126,136,165,130,158,160,149,146,120,98,78,59,59,73,85,83,75,64,61,59,59,65,71,77,80,65,59,46,41,39,136,152,152,152,152,151,151,150,150,150,150,149,151,155,148,153,153,138,147,147,147,148,149,149,150,151,151,150,150,150,150,149,149,148,148,149,149,149,149,149,149,149,149,151
149,149,149,149,149,149,149,149,149,149,149,149,149,149,149,149,150,150,149,149,149,148,148,148,148,148,149,149,150,150,150,150,150,151,151,152,153,153,154,154,94,50,50,53,71,86,108,111,126,113,108,111,106,97,104,121,111,133,154,157,141,112,88,77,59,53,49,51,60,70,76,78,80,75,71,50,51,95,142,181,203,196,197,185,158,140,121,104,118,123,128,132,134,130,116,103,105,138,123,112,136,165,114,145,96,159,150,159,170,174,165,147,148,104,68,70,71,88,114,95,64,131,94,122,83,77,88,106,87,84,82,81,84,90,97,102,105,137,172,171,146,127,103,72,97,100,55,68,70,92,77,74,127,153,91,103,135,158,168,132,130,112,88,71,63,59,56,52,62,67,69,60,49,49,62,75,69,58,44,40,50,159,153,151,153,153,153,152,152,151,151,151,149,151,155,148,153,153,138,147,146,147,147,148,149,150,150,151,150,150,150,150,149,149,148,148,149,149,149,149,149,149,149,149,151
149,149,149,149,149,149,149,149,149,149,149,149,149,149,149,149,149,149,148,148,148,147,147,147,148,148,149,149,150,150,150,150,151,151,152,153,154,154,155,155,119,53,48,54,75,87,89,76,87,98,109,112,108,113,133,154,164,139,95,62,53,69,96,116,119,113,107,103,102,98,90,84,87,74,63,85,108,116,117,101,136,174,212,197,137,110,129,140,110,104,102,108,116,119,120,121,112,122,124,145,152,132,127,166,94,147,120,118,130,139,143,144,135,130,113,114,102,79,90,103,132,135,67,101,125,114,85,59,94,90,85,81,81,84,89,92,102,95,102,97,75,70,77,72,91,109,69,62,45,73,80,87,66,119,86,78,65,81,121,119,121,121,115,99,78,62,54,53,55,63,68,61,50,46,54,65,68,58,44,40,77,171,155,152,155,154,154,154,153,153,153,152,149,151,155,148,153,153,138,147,146,146,147,148,148,149,150,150,150,150,150,150,149,149,148,148,149,149,149,149,149,149,149,149,151
149,149,149,149,149,149,149,149,149,149,149,149,149,149,149,149,148,148,147,147,147,146,146,146,148,148,149,149,150,150,150,150,152,152,153,154,155,155,156,156,139,50,47,60,72,73,79,87,98,105,108,115,138,151,125,83,59,72,97,127,150,158,151,142,121,119,111,98,84,76,76,78,63,102,123,138,131,114,117,114,107,120,133,139,117,101,101,83,114,107,98,90,85,88,101,115,127,141,135,156,127,107,173,131,115,91,116,142,143,163,119,89,86,94,128,117,119,117,80,101,77,64,52,50,106,92,102,108,101,101,101,100,96,90,83,79,90,80,91,101,89,79,78,74,64,93,89,104,98,115,112,102,83,124,128,132,90,74,95,106,72,73,82,97,107,97,68,43,52,52,53,56,59,60,59,57,62,58,47,39,114,169,156,154,156,156,155,155,155,154,154,154,149,151,155,148,153,153,138,147,145,146,146,147,148,149,149,150,150,150,150,150,149,149,148,148,149,149,149,149,149,149,149,149,151
149,149,149,149,149,149,149,149,149,149,149,149,149,149,149,149,147,147,147,146,146,146,145,145,148,148,149,149,150,150,150,150,153,153,154,154,155,156,157,157,154,59,58,65,68,69,80,98,85,113,128,110,86,84,97,109,136,146,157,159,152,135,119,109,99,97,91,83,79,85,97,108,159,147,128,116,134,139,115,113,135,139,135,146,136,118,118,101,74,94,114,122,123,124,118,110,136,158,146,133,119,132,169,95,144,140,122,125,163,167,97,104,82,109,169,142,101,98,88,117,99,71,83,57,101,100,75,78,72,70,68,70,78,91,105,114,103,94,92,91,81,72,67,61,81,99,98,95,70,72,111,143,166,155,165,192,185,174,136,100,90,79,64,54,55,66,79,87,59,53,48,51,59,63,59,54,54,59,51,39,151,160,157,157,157,157,156,156,156,155,155,155,149,151,155,148,153,153,138,147,145,145,146,147,148,148,149,149,150,150,150,150,149,149,148,148,149,149,149,149,149,149,149,149,151
149,149,149,149,149,149,149,149,149,149,149,149,149,149,149,149,147,147,146,146,146,145,145,145,148,148,149,149,150,150,150,150,153,153,154,155,156,156,157,157,161,74,74,67,66,77,84,88,118,88,73,89,110,121,134,149,142,131,113,97,89,91,98,104,132,130,131,140,155,168,177,179,113,115,146,144,160,159,121,157,156,146,127,145,155,144,141,123,109,129,139,136,142,151,138,112,146,144,139,113,149,166,108,103,150,176,172,182,158,159,172,149,146,136,140,143,109,100,120,100,100,81,93,67,69,114,68,96,81,81,81,81,81,81,81,81,93,90,83,79,85,97,104,102,96,83,87,125,143,123,113,99,93,91,124,142,130,171,187,189,119,106,87,74,67,64,60,57,69,63,56,52,52,52,53,52,49,59,54,38,174,152,158,158,157,157,157,157,156,156,156,155,149,151,155,148,153,153,138,147,145,145,146,147,147,148,149,149,150,150,150,150,149,149,148,148,149,149,149,149,149,149,149,149,151
149,149,149,149,149,149,149,149,149,149,149,149,149,149,149,149,136,149,156,145,152,160,145,145,154,135,138,149,145,146,156,158,149,150,152,154,156,159,160,161,167,121,89,61,77,61,83,79,56,56,79,101,139,146,128,112,87,66,93,114,156,175,179,167,144,127,113,115,161,158,138,116,127,173,190,188,188,162,137,137,125,130,156,172,154,130,121,118,118,106,85,66,62,76,97,112,158,135,123,132,163,131,112,120,138,152,98,117,178,137,95,78,177,112,145,110,107,110,102,104,94,54,113,83,54,105,94,113,118,94,91,102,90,76,80,90,78,82,101,117,105,80,82,103,86,91,84,82,93,93,89,96,122,94,86,91,117,90,92,112,154,154,138,88,71,57,60,52,69,65,61,58,53,52,52,52,51,59,61,88,164,157,168,168,161,161,160,160,159,158,157,157,149,148,147,146,145,144,143,142,146,146,147,148,150,151,152,153,152,151,151,151,150,150,150,149,149,149,149,149,149,149,149,149,151
149,149,149,149,149,149,149,149,149,149,149,149,149,149,149,149,146,151,155,145,150,153,139,144,151,136,135,146,150,150,152,153,153,154,155,156,158,159,161,161,153,127,92,65,69,62,66,62,75,76,103,94,132,126,86,97,126,162,209,207,186,161,141,126,120,114,139,146,109,114,137,130,105,160,192,194,172,175,133,152,144,145,156,154,129,113,113,112,92,72,70,100,126,129,124,125,164,128,123,152,143,110,103,126,143,159,180,164,177,149,131,176,162,129,136,72,65,72,103,104,107,88,120,84,56,109,76,95,94,90,95,97,87,84,82,72,66,65,78,105,122,116,100,89,91,84,74,76,91,98,94,92,85,104,118,99,106,98,97,85,113,121,139,154,128,83,62,73,57,61,60,51,49,62,62,45,59,62,62,106,164,158,164,164,162,162,161,160,159,159,158,158,155,154,153,152,151,150,149,148,147,147,148,149,150,151,152,152,152,151,151,151,150,150,150,149,149,149,149,149,149,149,149,149,151
149,149,149,149,149,149,149,149,149,149,149,149,149,149,149,149,155,150,149,141,144,142,131,145,135,143,149,153,151,143,147,161,158,158,159,159,160,161,161,162,164,151,96,49,45,65,72,82,97,73,89,99,70,162,156,179,203,182,167,156,143,149,131,120,147,146,100,101,126,131,90,92,133,150,162,130,124,154,130,156,178,151,128,114,109,117,115,97,89,72,70,90,105,107,113,127,164,117,119,157,118,109,122,138,186,157,111,97,174,156,67,69,156,126,138,151,165,88,105,108,88,98,120,87,62,112,60,69,61,58,63,64,59,64,69,62,66,62,63,79,105,122,117,103,85,73,68,71,76,83,83,75,95,71,87,112,116,87,98,123,107,89,66,91,115,141,108,74,47,70,55,50,69,46,35,75,61,58,55,130,165,162,164,165,163,163,162,161,160,160,159,159,161,161,160,159,158,156,156,155,149,149,150,150,151,152,152,152,152,151,151,151,150,150,150,149,149,149,149,149,149,149,149,149,151
149,149,149,149,149,149,149,149,149,149,149,149,149,149,149,149,153,142,138,132,137,133,126,148,133,151,157,157,158,150,149,164,160,161,161,161,162,162,162,163,163,168,124,55,49,65,63,69,103,80,125,99,111,168,203,185,141,135,135,143,150,190,187,179,110,99,107,140,149,158,131,95,195,186,178,107,123,126,137,139,117,134,153,145,119,106,95,76,60,71,80,83,85,95,112,126,169,117,125,150,114,138,176,167,175,162,145,162,134,141,156,139,151,128,90,97,145,86,121,97,69,80,112,79,54,103,82,76,90,72,69,72,58,47,48,49,59,66,70,71,78,94,112,124,115,99,91,83,75,93,122,131,115,116,118,99,84,94,109,100,110,124,103,65,54,111,140,130,124,73,60,69,53,51,65,60,79,70,59,160,170,166,163,162,164,164,163,163,162,161,160,160,164,164,163,162,160,159,158,158,152,152,152,152,152,152,152,152,152,151,151,151,150,150,150,149,149,149,149,149,149,149,149,149,151
149,149,149,149,149,149,149,149,149,149,149,149,149,149,149,149,145,133,129,125,132,131,127,151,150,154,147,151,171,172,158,154,159,159,160,161,162,163,164,164,162,173,150,61,66,81,91,96,83,126,105,122,152,174,150,162,145,171,175,144,115,153,144,121,136,105,95,89,98,108,120,106,97,122,133,110,133,117,146,130,136,127,119,109,103,106,94,67,85,86,85,85,86,89,91,91,168,111,123,132,111,134,185,178,160,151,85,90,77,120,115,119,169,151,102,111,144,63,78,47,102,83,124,88,60,102,139,126,93,83,88,91,75,59,50,41,39,53,70,79,79,82,97,114,107,100,103,99,83,85,98,98,104,91,87,93,98,114,109,84,113,87,73,64,90,122,138,113,125,125,98,59,47,62,73,70,56,51,37,160,163,167,167,168,166,165,165,164,163,162,162,162,163,162,162,160,159,158,157,157,155,155,155,154,153,152,152,152,152,151,151,151,150,150,150,149,149,149,149,149,149,149,149,149,151
149,149,149,149,149,149,149,149,149,149,149,149,149,149,149,149,141,135,132,125,132,137,132,151,152,155,151,151,164,172,164,156,153,154,156,158,161,164,166,167,166,172,159,58,58,77,102,113,115,117,115,120,180,126,140,142,187,152,124,103,98,128,132,130,113,145,148,116,125,98,108,146,108,137,118,142,136,124,128,104,107,115,124,110,80,68,69,65,60,54,65,93,109,108,113,126,167,116,125,130,119,113,159,169,181,124,112,120,94,177,145,141,153,125,94,122,133,56,83,111,115,72,118,100,73,89,142,122,66,73,81,73,64,71,68,46,38,40,49,65,79,86,90,94,109,112,123,129,123,112,99,85,105,149,156,121,89,114,113,87,92,72,90,102,126,132,143,119,80,68,99,96,48,62,90,57,48,49,30,157,162,170,173,174,167,167,166,165,165,164,163,163,162,161,161,159,158,157,156,156,158,158,157,156,154,153,152,151,152,151,151,151,150,150,150,149,149,149,149,149,149,149,149,149,151
149,149,149,149,149,149,149,149,149,149,149,149,149,149,149,149,146,147,146,132,138,146,138,148,143,152,158,152,146,155,165,162,145,147,150,155,159,164,167,169,162,171,171,81,50,60,62,65,71,65,95,163,161,164,173,173,163,135,149,157,154,144,151,170,184,141,134,130,114,121,127,95,137,135,103,134,128,132,124,112,123,92,71,63,59,63,67,61,58,66,91,118,120,104,102,115,160,134,127,136,136,121,127,142,130,133,124,116,146,159,77,131,158,155,134,117,101,78,84,92,91,46,81,99,86,72,94,75,82,88,91,77,66,77,77,56,54,50,41,39,53,75,84,81,103,107,105,106,114,121,127,136,136,102,75,106,123,123,97,99,110,107,121,118,101,102,102,74,72,66,61,83,110,92,59,55,83,90,58,170,173,173,174,170,168,168,167,166,166,165,164,164,164,163,162,161,160,159,158,157,161,160,159,157,155,153,152,151,152,151,151,151,150,150,150,149,149,149,149,149,149,149,149,149,151
149,149,149,149,149,149,149,149,149,149,149,149,149,149,149,149,153,160,158,139,143,152,142,145,145,146,151,145,137,153,165,155,140,142,147,152,158,164,168,170,175,181,176,97,51,79,85,100,110,116,140,150,137,136,119,127,114,131,163,136,120,120,138,141,127,136,122,133,141,148,129,134,132,115,117,126,125,111,103,105,84,61,56,66,65,61,57,51,68,72,73,70,71,81,98,111,124,125,101,112,124,125,93,91,104,125,96,112,178,141,73,113,159,112,87,90,81,71,65,97,103,59,71,114,116,91,85,78,82,83,95,100,92,89,84,71,60,67,56,31,29,54,71,70,83,103,108,106,106,100,101,117,108,137,132,127,106,110,107,128,147,147,160,165,112,93,77,63,105,125,112,94,94,76,63,82,65,79,46,155,168,172,178,175,169,168,168,167,166,165,165,164,166,166,165,163,162,161,160,160,162,161,160,158,155,153,152,151,152,151,151,151,150,150,150,149,149,149,149,149,149,149,149,149,151
149,149,149,149,149,149,149,149,148,148,149,149,150,150,150,150,152,149,148,150,152,151,145,139,150,147,151,158,154,130,155,142,133,140,151,162,169,172,171,169,163,162,172,126,88,79,100,108,107,132,153,111,135,112,105,128,111,132,140,141,135,124,128,143,124,124,130,143,153,151,135,120,126,135,142,137,122,104,91,85,50,58,65,63,55,49,49,53,66,72,82,94,105,112,116,117,133,158,110,95,161,155,95,96,101,121,154,180,165,110,94,99,136,159,164,130,39,82,72,94,87,115,84,115,84,74,80,66,77,75,73,88,69,79,119,82,72,68,61,55,51,49,50,50,57,72,102,127,134,121,115,117,118,118,119,118,123,130,139,142,162,166,165,161,158,151,131,110,116,125,110,76,57,54,56,61,49,54,43,154,178,169,169,179,171,171,171,170,169,168,168,167,166,165,165,164,163,163,162,162,160,160,159,159,158,157,156,156,154,153,153,152,151,150,150,149,149,149,149,148,148,148,147,147,151
149,149,149,149,149,149,149,149,148,148,149,149,150,150,150,150,153,150,151,150,149,151,147,134,138,136,148,156,145,138,132,136,146,151,157,164,168,168,167,166,175,164,174,111,87,100,102,111,128,137,115,124,129,130,135,113,143,119,120,140,149,152,142,118,114,118,126,138,145,140,125,112,144,122,103,94,79,60,57,66,34,40,45,45,44,53,72,88,91,102,118,133,139,136,129,123,113,142,136,129,146,131,103,110,108,154,161,141,113,108,116,102,95,132,139,78,88,76,64,121,78,100,88,133,70,83,82,70,78,80,76,89,77,85,119,89,71,67,62,56,52,50,50,51,54,69,77,103,107,124,117,117,111,133,184,201,200,156,150,151,154,168,175,166,154,149,148,145,117,89,78,74,63,67,77,71,73,74,70,115,188,167,174,176,172,172,171,170,169,169,168,168,166,166,165,165,164,163,163,162,161,160,160,159,158,157,157,156,154,154,153,152,151,151,150,150,149,149,149,149,148,148,147,147,151
149,149,149,149,149,149,149,149,148,148,149,149,150,150,150,150,155,152,155,151,144,152,150,128,132,134,150,158,145,151,119,140,163,164,165,166,166,166,165,165,183,166,176,112,111,129,95,91,149,129,140,139,115,128,121,93,109,166,119,104,110,102,138,105,99,116,132,133,123,118,125,136,97,114,113,83,58,58,70,78,40,47,53,56,59,71,89,104,128,117,101,88,86,95,108,118,117,122,140,161,163,150,130,114,104,136,136,111,77,63,74,71,87,70,135,83,57,78,124,80,60,65,86,118,55,70,72,60,65,69,58,62,52,49,68,47,69,66,62,57,53,52,51,51,50,61,49,72,72,115,110,112,119,91,115,146,185,149,148,151,154,162,161,147,135,132,131,129,116,64,60,79,67,67,81,74,96,103,93,81,169,171,172,173,173,173,172,171,171,170,169,169,167,167,166,166,165,164,164,163,161,161,160,160,159,158,157,157,155,154,154,153,152,151,151,150,150,150,149,149,148,148,148,148,151
149,149,149,149,149,149,149,149,148,148,149,149,150,150,150,150,155,152,156,151,142,152,151,126,142,148,155,160,157,155,134,155,171,170,168,167,167,167,168,169,171,177,184,120,105,113,120,152,151,170,163,173,162,110,160,95,107,120,155,131,117,172,175,121,109,117,130,143,148,142,127,115,117,121,110,89,84,88,72,45,49,48,49,56,68,82,94,100,114,121,131,139,142,139,133,129,136,132,146,152,133,124,139,152,163,129,97,112,129,120,117,108,97,156,165,122,137,127,77,65,70,56,97,85,69,63,71,62,67,74,65,69,69,65,74,67,66,64,62,59,56,54,52,52,47,51,38,52,52,87,91,99,101,116,114,72,75,97,122,113,124,133,136,127,120,122,123,121,89,61,65,84,73,60,70,80,83,99,85,70,119,184,181,191,174,174,173,173,172,171,171,170,169,168,168,167,166,165,165,165,162,162,161,161,160,159,158,158,155,155,155,154,153,152,152,151,150,150,150,149,149,149,148,148,151
149,149,149,149,149,149,149,149,148,148,149,149,150,150,150,150,154,151,153,150,146,152,149,130,153,162,155,156,167,146,158,167,169,169,168,168,169,171,173,175,174,176,171,170,192,170,149,129,128,128,150,138,167,152,147,122,110,129,111,113,128,120,113,101,118,144,166,159,134,120,131,149,138,108,89,91,83,59,42,42,57,46,41,54,82,108,122,125,129,128,127,128,132,138,144,148,143,133,133,154,171,156,126,110,107,115,108,105,95,88,105,112,86,66,63,69,51,62,61,65,95,80,98,69,85,78,70,78,60,66,60,64,69,63,65,67,63,63,62,60,58,56,54,52,46,43,43,48,48,54,66,80,106,100,100,116,82,54,55,94,78,101,115,106,89,84,90,96,54,66,71,80,85,67,62,85,79,88,86,74,76,165,176,185,176,175,175,174,173,173,172,172,170,170,169,169,168,167,166,166,163,163,162,162,161,160,159,159,156,156,156,155,154,153,153,152,151,151,150,150,149,149,149,149,151
149,149,149,149,149,149,149,149,148,148,149,149,150,150,150,150,151,149,146,149,154,151,144,141,155,160,151,152,164,139,167,168,163,165,167,170,173,174,175,175,169,189,190,188,169,112,111,101,108,146,111,139,166,159,176,155,145,98,157,131,92,132,134,161,155,140,127,133,150,157,147,133,93,86,83,78,58,38,42,60,56,53,58,81,112,135,140,137,134,136,138,138,136,132,127,124,127,138,135,130,131,127,134,158,157,140,105,93,96,103,116,110,128,113,118,120,123,122,127,121,87,84,68,57,64,78,50,72,71,69,67,70,69,60,55,59,60,61,62,62,61,58,55,53,48,44,49,50,48,39,49,63,70,93,76,71,61,104,84,58,64,79,86,77,64,59,56,53,54,79,74,72,91,76,56,73,85,76,93,77,77,133,167,173,177,177,176,175,175,174,173,173,172,171,171,170,169,168,168,167,164,164,163,162,162,161,160,160,157,157,156,156,155,154,153,153,151,151,151,150,150,149,149,149,151
149,149,149,149,149,149,149,149,148,148,149,149,150,150,150,150,147,145,138,148,164,151,139,153,154,150,154,160,157,150,162,167,160,164,169,173,175,173,171,168,192,158,119,88,81,74,99,100,104,118,132,127,134,154,147,163,163,159,158,154,150,152,151,143,130,131,138,148,152,142,120,102,82,78,63,49,53,64,56,37,46,58,80,106,126,133,129,123,133,133,133,133,134,135,137,138,127,127,131,137,144,151,147,135,136,146,155,172,167,144,131,121,138,146,116,74,78,75,69,58,79,80,65,69,60,77,62,75,70,61,67,74,71,64,60,64,58,60,62,63,62,59,56,53,52,52,47,51,43,47,45,51,68,80,67,63,51,80,85,90,70,71,67,63,67,73,68,57,74,81,73,71,83,76,62,68,87,74,87,86,106,125,159,177,178,178,177,177,176,175,174,174,173,172,172,171,170,169,169,168,165,164,164,163,162,162,161,161,158,158,157,156,156,155,154,154,151,151,151,151,150,150,150,149,151
149,149,149,149,149,149,149,149,148,148,149,149,150,150,150,150,145,143,133,148,171,150,135,161,155,143,163,173,154,168,156,169,160,164,171,175,176,171,165,161,103,86,109,113,133,143,131,106,113,118,150,136,152,144,166,156,150,107,118,145,135,132,144,146,156,154,146,130,111,96,90,89,73,60,46,41,46,53,56,57,54,73,100,120,130,134,137,139,144,138,130,124,124,129,137,142,173,170,184,185,170,175,174,143,151,150,128,117,116,121,131,120,125,123,106,114,97,110,109,102,101,95,106,107,98,97,112,104,101,85,92,95,83,71,63,64,57,59,62,64,63,60,56,54,54,60,40,49,37,62,49,47,46,58,70,78,74,74,78,86,79,80,73,59,53,56,59,56,77,67,67,73,72,75,82,84,121,110,93,106,123,116,121,153,179,178,178,177,176,175,175,175,173,173,172,171,171,170,169,169,165,165,164,163,163,162,161,161,158,158,157,157,156,155,155,154,152,151,151,151,150,150,150,150,151
149,149,149,149,149,149,149,149,148,149,149,150,151,152,152,152,149,145,140,137,138,143,150,155,148,152,158,165,170,171,168,166,160,176,182,175,164,150,91,110,119,128,122,108,103,104,117,140,168,108,112,134,131,140,140,125,134,150,182,178,147,154,163,137,143,161,164,138,107,90,82,77,41,45,48,47,44,45,51,56,69,87,110,126,129,125,121,120,122,121,120,123,131,144,157,165,163,162,160,157,153,148,144,142,155,149,143,140,140,137,131,126,125,124,122,119,116,113,111,110,107,107,105,103,99,96,92,90,91,92,94,96,99,102,104,105,98,95,89,82,73,66,60,57,46,46,47,47,47,48,48,48,39,46,56,65,71,72,71,69,77,80,82,78,73,69,70,72,92,79,61,55,77,76,78,136,117,140,136,157,130,141,139,135,154,178,181,173,178,180,176,178,176,175,175,173,172,171,170,170,168,168,167,166,164,163,162,162,160,160,159,158,156,155,154,154,152,152,152,151,150,149,149,148,151
149,149,149,149,149,149,149,149,149,149,149,150,151,152,152,153,151,148,143,141,142,147,153,157,153,157,164,168,161,154,162,176,181,174,171,142,92,108,142,151,107,120,124,126,134,134,134,144,113,101,98,84,87,111,111,103,107,105,93,133,191,160,109,124,179,160,128,100,83,73,58,44,38,44,50,52,51,52,57,61,80,88,100,108,116,126,139,149,158,161,166,169,171,169,166,164,166,165,163,160,156,153,150,148,153,146,139,135,133,128,121,115,114,114,112,110,108,107,105,104,105,105,105,105,105,105,104,104,96,95,93,91,88,85,84,83,96,94,92,89,85,82,79,78,67,64,59,55,52,50,51,51,57,51,44,41,45,56,69,77,56,56,62,75,90,97,95,89,77,111,74,101,96,113,96,140,147,154,122,165,153,156,143,178,146,165,177,177,177,175,174,177,176,176,175,174,173,171,171,170,168,168,167,166,165,164,163,162,161,160,159,158,157,156,155,154,153,152,152,151,150,149,149,149,151
149,149,149,149,149,149,149,149,149,149,150,151,151,152,153,153,154,152,148,146,148,152,157,161,165,173,171,159,158,170,175,171,167,151,118,114,140,142,126,84,118,124,122,120,121,105,83,75,94,109,119,111,114,110,94,110,123,128,119,133,158,141,122,144,139,117,92,75,63,54,48,47,48,50,50,48,47,51,60,68,89,105,129,150,163,170,174,176,168,172,176,178,175,166,156,150,143,140,133,126,118,110,105,103,98,93,87,86,86,84,78,73,69,68,68,68,67,67,66,66,66,66,68,70,72,75,78,79,85,86,87,88,89,90,91,91,90,89,88,86,83,81,79,79,88,83,75,65,58,52,50,49,46,46,46,47,48,49,51,52,75,74,72,70,72,78,86,93,88,87,60,73,78,71,77,63,100,147,138,97,145,161,166,140,135,142,162,181,184,181,179,176,177,177,176,174,173,172,171,171,169,169,168,167,165,164,163,163,161,161,160,159,158,156,155,155,153,153,152,151,151,150,149,149,151
149,149,149,149,149,149,149,149,149,150,150,151,152,153,153,153,157,156,153,152,154,157,161,164,159,167,172,170,166,164,159,153,100,137,161,131,120,95,107,139,97,101,97,100,115,123,125,133,126,133,139,128,127,131,137,167,161,167,171,169,166,160,138,112,104,89,75,64,47,31,32,43,54,51,47,44,47,63,85,102,132,140,153,164,170,173,173,173,165,159,148,134,120,106,96,91,67,63,56,47,39,32,28,26,19,18,18,19,21,22,22,20,15,14,14,14,14,15,15,15,14,14,14,14,15,17,19,22,38,40,45,51,58,64,69,72,78,79,80,81,83,84,86,86,77,77,76,74,72,69,65,64,57,53,48,44,42,43,45,47,49,62,77,84,81,75,71,70,81,92,85,61,80,57,78,108,68,110,107,124,124,143,154,175,150,139,154,177,180,180,182,178,178,177,177,175,174,173,172,172,170,170,169,168,166,165,164,164,162,162,161,160,158,157,156,156,153,153,153,152,151,150,150,149,151
149,149,149,149,149,149,149,149,150,150,151,151,152,153,154,154,159,158,157,157,158,160,163,165,170,151,151,168,166,137,117,119,147,109,135,96,91,118,112,97,127,137,136,132,130,118,106,107,107,132,166,157,151,175,177,163,171,181,181,187,187,145,104,105,95,70,49,45,44,38,36,40,52,54,57,63,77,101,128,148,157,155,151,145,134,121,107,99,83,74,59,43,30,22,18,17,16,14,10,7,7,7,9,11,13,11,10,15,22,27,26,23,15,15,16,16,17,17,17,18,20,18,16,14,15,17,21,23,13,15,16,18,21,24,26,28,35,38,44,52,61,69,75,78,73,77,82,85,84,78,70,65,65,62,57,51,47,45,45,45,40,43,51,65,76,78,70,61,44,94,80,49,61,78,41,111,130,91,91,75,140,145,173,114,156,149,165,182,175,171,178,181,179,178,177,176,175,174,173,173,171,170,170,168,167,166,165,165,163,163,162,161,159,158,157,157,154,154,153,152,151,151,150,150,151
149,149,149,149,149,149,149,149,150,151,151,152,153,153,154,154,158,158,158,159,160,162,163,164,156,176,179,143,100,87,108,134,86,82,123,93,128,167,122,105,92,105,110,112,119,115,111,118,134,129,146,138,127,151,168,172,181,193,213,203,151,104,94,99,55,43,37,44,55,60,59,58,64,73,84,95,104,116,129,138,116,111,102,92,79,61,42,29,26,24,22,19,18,17,17,18,20,17,14,11,12,16,21,24,19,15,12,14,19,20,18,14,13,13,13,12,12,11,11,10,24,20,15,11,10,11,15,18,16,16,17,17,17,17,18,18,12,14,17,21,26,33,37,40,61,66,73,79,80,77,72,69,68,68,67,65,60,53,46,42,53,47,39,37,42,53,64,70,64,78,134,89,55,78,60,57,109,80,88,131,98,82,108,125,116,140,177,198,189,177,178,182,180,179,178,177,176,175,174,174,172,171,171,169,168,167,166,166,164,164,163,161,160,159,158,158,154,154,153,153,152,151,151,150,151
149,149,149,149,149,149,149,149,151,151,151,152,153,154,154,155,156,157,158,160,161,162,162,162,171,149,106,75,90,124,120,89,104,144,154,115,132,137,79,123,153,143,113,90,90,91,93,103,118,114,130,140,140,130,131,166,201,201,204,172,120,102,82,36,33,44,53,53,53,58,64,66,74,82,90,92,87,79,75,74,58,46,32,23,22,23,22,19,17,19,20,21,20,17,14,12,22,18,13,8,7,11,15,19,23,19,16,18,22,23,20,16,21,20,19,17,15,13,12,11,28,23,17,13,11,14,19,22,14,15,16,17,18,19,20,21,21,21,20,20,19,18,18,18,23,27,34,44,55,66,74,79,80,75,68,60,55,53,53,54,33,38,44,44,42,45,55,63,63,47,151,109,57,48,89,60,41,61,98,91,97,93,131,113,109,140,169,182,187,183,178,179,180,180,179,178,177,176,175,174,173,172,171,170,169,168,167,166,165,164,163,162,161,160,159,158,155,154,154,153,152,151,151,151,151
149,149,149,149,149,149,149,149,151,151,152,152,153,154,155,155,155,156,158,160,161,161,161,161,108,81,68,82,93,88,84,90,144,116,88,91,99,106,80,115,118,119,115,124,142,141,123,114,110,137,141,130,150,158,163,213,203,215,149,79,79,65,33,39,39,50,52,42,41,57,74,79,65,69,70,63,49,35,26,22,19,19,23,31,39,37,28,18,19,20,21,23,25,25,26,25,21,18,13,11,13,18,26,30,14,12,11,15,22,26,25,22,27,26,24,21,18,15,13,12,24,20,14,10,10,14,20,24,18,18,19,19,19,20,20,20,23,23,21,19,17,15,14,13,22,19,15,15,21,31,42,50,61,68,76,81,76,62,46,38,54,46,38,35,38,44,48,50,70,47,40,53,75,68,47,54,52,46,42,83,100,89,96,118,161,167,151,140,156,173,174,176,181,180,179,178,177,176,175,175,173,172,172,170,169,168,167,167,165,165,164,163,161,160,159,159,155,155,154,153,152,152,151,151,151
149,150,150,150,151,151,151,152,152,152,153,154,155,157,157,158,161,159,161,168,172,162,138,117,92,82,87,75,81,84,66,87,90,151,129,98,145,116,90,104,115,121,127,138,133,103,96,125,144,123,130,155,149,129,158,211,170,128,75,41,34,40,44,43,46,46,48,56,66,71,70,67,46,39,30,21,16,16,19,21,16,15,16,24,32,30,23,22,29,26,27,27,19,15,17,17,28,30,22,23,7,11,12,25,42,16,4,11,22,25,26,26,22,20,13,12,12,5,19,60,43,15,13,12,11,22,26,33,20,18,17,18,17,16,20,26,20,20,19,19,19,19,19,18,21,21,19,18,16,15,13,14,24,34,50,64,71,70,65,60,57,51,44,44,47,47,43,38,41,68,67,76,67,65,79,37,59,55,52,118,78,79,161,157,164,153,164,160,164,129,157,142,146,176,181,182,182,174,175,173,176,175,174,173,171,169,168,168,167,167,166,165,163,162,161,161,158,158,157,156,154,153,152,152,152
149,150,150,150,151,151,151,152,152,153,153,155,156,157,158,158,163,160,160,167,172,164,145,129,168,68,77,88,84,96,80,100,162,118,94,130,169,168,153,106,96,95,85,87,104,118,141,172,141,164,162,143,157,188,172,124,91,77,58,42,37,40,45,50,45,56,68,72,66,54,43,38,31,28,23,19,17,19,22,24,24,16,17,22,26,31,33,29,27,28,28,21,13,13,21,28,57,43,21,20,4,9,20,45,55,29,11,14,22,22,18,16,24,23,18,14,13,17,39,68,47,25,20,9,7,23,25,24,18,18,20,22,22,21,22,24,20,20,19,19,18,18,17,17,18,18,17,17,16,15,15,14,12,14,20,30,42,54,65,71,64,61,56,49,44,41,42,44,43,51,49,74,70,55,71,52,68,54,60,100,145,88,85,149,168,167,135,137,153,161,172,130,145,176,180,182,183,175,178,176,176,176,174,173,171,170,169,168,167,167,166,165,163,162,161,161,158,158,157,156,154,153,152,152,152
149,150,150,150,151,151,151,152,153,153,154,155,156,158,159,159,166,162,160,165,170,168,157,146,137,153,105,75,89,77,92,150,114,87,117,164,142,118,128,112,95,98,98,108,126,133,136,144,185,156,140,148,147,119,88,76,54,40,32,35,45,54,52,45,66,67,64,53,36,22,13,11,14,14,15,16,18,21,23,25,30,16,18,23,21,34,45,36,30,32,29,19,11,11,29,50,90,65,33,26,5,8,23,55,62,40,19,17,25,24,18,15,26,26,24,15,14,37,65,78,50,29,23,9,12,34,31,18,16,20,25,29,31,31,27,22,21,21,20,19,18,17,16,16,14,14,15,15,16,17,17,17,19,15,10,12,17,29,43,52,58,64,67,62,52,44,44,47,41,40,36,63,62,48,66,62,66,71,68,111,207,156,76,79,143,161,100,89,97,155,174,152,146,176,180,182,184,177,182,181,177,176,175,174,172,170,169,169,168,167,166,165,164,163,162,161,159,158,157,156,155,154,153,152,152
149,150,150,150,151,151,151,152,154,154,155,156,157,159,159,160,168,164,160,163,169,171,168,163,135,117,185,144,67,91,91,80,146,122,85,101,98,107,119,134,122,116,114,123,135,141,148,157,177,189,163,106,82,91,72,31,42,40,39,41,45,52,60,65,59,46,27,16,12,10,9,9,7,9,12,16,19,20,21,21,27,14,22,28,23,40,54,37,43,37,31,29,21,13,36,78,113,96,62,41,10,9,19,43,61,45,23,18,31,34,26,24,27,30,28,13,13,52,83,78,47,20,15,17,34,58,46,24,16,24,31,36,41,42,34,22,24,23,22,21,19,17,16,15,12,13,14,16,17,19,20,21,27,24,20,17,16,17,19,21,37,49,63,71,68,60,53,49,40,44,36,46,48,46,61,57,68,86,81,168,212,207,152,53,131,173,167,146,123,151,137,137,148,177,180,182,184,179,185,185,178,177,176,174,173,171,170,169,168,168,167,165,164,163,162,162,159,159,158,156,155,154,153,153,153
149,150,150,150,151,151,151,152,155,155,156,157,158,159,160,161,169,165,161,163,168,173,174,174,171,170,121,159,194,115,72,105,83,137,121,102,92,104,92,82,89,102,113,117,123,138,147,143,174,140,113,105,89,60,42,43,45,42,43,53,65,69,60,50,16,11,9,8,12,18,21,21,12,13,15,17,19,19,19,18,20,14,29,37,33,51,61,37,58,45,37,45,42,22,43,100,133,132,99,59,12,10,15,29,66,56,31,21,37,41,30,28,31,36,31,11,14,59,85,67,39,7,12,39,70,87,63,39,18,28,36,40,48,53,42,25,29,28,27,24,22,20,18,17,15,16,17,19,20,22,23,24,15,17,19,20,20,19,17,16,21,28,41,57,70,72,66,59,51,51,40,40,42,40,49,52,76,78,122,212,190,192,203,134,51,75,127,132,144,163,131,154,154,181,183,183,184,179,186,187,179,178,177,175,174,172,171,170,168,168,167,166,165,164,163,162,159,159,158,157,156,155,154,153,153
149,150,150,150,151,151,151,152,156,156,157,158,159,160,161,162,167,165,163,164,167,171,175,178,188,160,185,151,123,179,180,133,119,70,76,156,154,99,90,116,106,117,112,87,88,131,159,152,121,106,82,62,52,46,38,34,48,50,57,66,68,54,29,9,6,11,16,18,16,17,21,26,22,21,20,20,20,21,22,23,21,25,39,44,47,66,71,48,66,54,45,58,61,36,48,102,149,162,135,82,19,12,17,30,76,71,42,25,41,43,29,25,40,48,37,13,21,61,74,51,27,7,32,73,102,107,74,47,23,34,39,41,52,62,51,30,36,35,32,30,26,24,21,20,22,22,23,24,24,25,25,26,11,12,12,13,15,16,16,17,19,16,19,31,49,64,70,70,66,56,44,46,47,36,36,52,67,85,181,200,191,189,201,200,121,71,84,80,122,146,122,142,161,187,186,184,183,178,185,186,180,179,178,176,175,173,172,171,169,168,168,166,165,164,163,163,160,159,159,157,156,155,154,154,153
149,150,150,150,151,151,151,152,156,157,158,159,160,161,162,162,165,165,165,165,166,169,173,175,155,187,170,177,178,134,138,170,196,170,136,95,66,78,117,101,99,110,128,133,135,149,146,119,90,86,68,41,33,39,49,50,47,65,76,60,26,6,3,11,21,23,22,18,12,12,16,21,30,27,24,22,23,26,31,34,33,43,49,48,59,81,86,70,63,62,54,61,70,51,51,89,150,176,166,119,45,21,21,38,76,76,45,27,45,50,34,31,53,63,45,20,33,61,59,37,17,26,73,109,120,112,74,45,29,39,41,41,54,69,59,36,42,41,38,35,31,28,25,24,30,30,30,29,28,28,27,27,19,18,17,15,14,13,12,12,19,15,12,15,26,42,57,66,67,65,55,47,50,44,38,51,68,133,208,187,202,207,193,203,188,125,90,76,101,117,117,113,168,193,190,185,183,176,182,184,180,180,179,177,175,174,173,172,169,169,168,167,166,164,164,163,160,160,159,158,157,155,155,154,154
149,150,150,150,151,151,151,152,157,157,158,159,160,161,162,163,163,164,166,166,166,167,170,173,177,171,177,184,187,192,176,145,110,154,197,203,197,162,148,122,106,88,103,134,133,110,86,64,74,52,38,42,46,45,56,74,86,61,30,12,10,14,14,11,15,12,9,12,17,20,19,15,33,29,25,22,25,31,39,44,45,58,56,50,65,91,97,88,56,67,59,59,72,62,53,74,141,177,185,152,73,31,22,42,67,71,42,25,50,59,45,43,63,74,52,26,42,62,50,30,12,45,108,132,125,110,70,38,32,42,42,40,54,72,63,39,46,44,42,38,34,31,28,26,36,35,34,32,31,29,28,27,20,22,24,24,23,20,16,13,16,18,18,15,15,24,39,52,59,75,67,41,46,59,49,46,91,182,197,206,200,200,195,204,218,184,123,98,84,94,135,129,173,197,192,186,182,175,181,182,181,180,179,177,176,174,173,172,169,169,168,167,166,165,164,163,160,160,159,158,157,156,155,154,154
148,149,150,151,152,153,154,155,157,158,159,160,161,162,163,164,165,166,167,169,170,172,173,174,177,177,178,180,182,183,184,185,200,149,102,108,157,195,195,183,174,174,128,84,72,78,49,80,72,49,40,38,63,62,75,81,16,11,8,9,15,17,13,7,19,19,19,20,20,21,21,21,23,30,39,43,44,45,48,52,66,66,64,51,53,91,115,102,87,68,60,47,49,60,56,60,130,165,196,187,125,35,35,39,73,83,42,39,62,68,45,73,57,83,76,7,57,77,52,34,33,101,150,144,129,117,75,30,33,35,40,34,59,82,66,71,57,49,39,35,36,38,38,36,47,45,41,37,34,32,31,31,26,26,26,25,24,24,23,23,17,16,16,16,16,16,15,16,59,66,68,79,48,55,58,48,153,212,199,206,201,195,200,195,198,203,182,128,82,80,104,118,179,188,192,186,184,191,189,175,182,181,180,178,177,175,174,173,171,171,170,168,166,165,164,163,163,162,161,160,159,158,157,156,154
149,149,150,151,152,153,154,155,158,158,159,160,161,162,163,164,166,166,167,169,171,172,173,174,177,178,179,180,182,183,185,185,179,193,192,158,103,60,48,52,46,44,82,142,153,27,74,84,61,40,51,63,58,89,79,10,14,10,7,10,15,18,15,11,20,20,21,22,23,24,25,25,25,33,42,47,48,50,54,58,44,53,69,73,78,103,119,109,93,71,63,50,46,58,58,60,117,166,202,201,161,73,62,33,86,106,64,44,73,69,43,70,54,89,67,38,75,76,53,39,61,117,147,142,130,115,80,29,36,26,32,41,75,100,85,82,54,51,48,49,51,50,44,39,39,36,33,31,31,33,36,38,27,26,26,25,24,23,22,22,19,19,18,18,17,17,16,16,38,55,66,66,86,53,57,84,121,205,206,204,198,198,201,196,206,188,199,188,122,81,94,111,181,191,189,181,183,188,188,186,182,181,180,178,177,175,174,173,172,171,170,168,167,165,164,163,163,162,161,160,159,158,157,156,154
149,149,150,151,153,154,155,155,158,158,159,160,162,163,164,164,166,167,168,170,171,173,174,175,178,178,179,181,183,184,185,186,210,199,190,190,188,167,127,94,112,160,199,201,207,69,112,64,41,52,61,89,76,62,21,7,11,9,8,12,17,21,20,18,20,21,22,24,26,28,30,31,29,37,47,53,55,58,63,67,76,73,76,74,72,90,118,132,105,77,69,53,41,54,60,61,104,169,203,203,193,116,104,40,94,129,88,47,85,71,43,69,52,93,65,74,101,82,61,54,98,140,148,142,125,106,84,33,39,25,35,53,80,102,92,80,62,56,48,46,49,51,50,48,38,41,44,46,43,37,30,26,29,28,27,26,24,23,22,21,23,22,22,21,20,19,18,18,16,30,53,67,97,67,64,86,94,199,212,202,196,202,201,199,197,202,198,206,192,118,70,94,173,196,196,182,185,186,185,194,182,181,180,179,177,176,174,174,172,171,170,169,167,165,164,164,163,163,162,161,159,158,157,157,155
149,150,151,152,153,154,155,156,158,159,160,161,162,163,164,165,167,168,169,171,172,174,175,176,178,179,180,182,183,185,186,187,176,183,192,195,194,193,197,201,199,219,210,194,206,121,60,63,44,66,75,89,63,15,8,21,9,9,11,14,19,22,24,24,19,20,23,26,29,32,35,36,35,43,53,59,62,65,70,74,83,81,87,92,91,98,125,151,119,88,77,55,37,50,60,64,99,175,199,192,200,146,145,73,104,146,109,55,98,77,47,67,55,92,81,88,120,99,79,84,130,154,145,138,116,95,84,38,24,23,44,62,77,98,98,79,79,70,58,52,53,56,56,55,49,51,55,56,52,44,35,30,32,32,30,28,26,24,23,22,28,27,26,25,23,21,20,19,10,11,32,74,69,89,76,63,104,199,210,200,200,205,200,205,197,207,187,192,219,175,95,68,132,188,206,190,188,186,183,194,183,182,181,179,178,176,175,174,172,172,171,169,167,166,165,164,163,163,162,161,160,159,158,157,156
150,150,151,152,154,155,156,156,159,159,160,161,163,164,165,165,168,169,170,172,173,175,176,177,179,180,181,183,184,186,187,188,190,190,191,194,197,199,199,198,200,199,185,202,214,184,58,51,69,70,86,57,16,7,15,5,10,12,15,18,20,23,26,28,19,21,25,29,34,39,42,44,46,54,63,69,71,73,77,82,87,86,89,95,93,91,110,139,132,102,84,55,35,46,57,68,101,180,201,190,202,168,174,118,136,169,133,80,112,87,53,61,65,93,110,88,132,120,101,117,151,146,128,124,109,93,78,31,9,21,44,68,88,112,116,89,87,82,76,73,71,67,59,52,60,55,49,44,44,48,54,58,39,38,35,33,30,27,25,24,34,33,31,29,26,24,22,21,10,7,17,52,59,90,85,95,148,203,202,202,205,207,197,209,211,188,196,202,192,201,166,80,73,158,201,190,187,188,184,190,183,182,181,180,178,177,175,175,173,172,171,170,168,166,165,165,164,164,163,161,160,159,158,158,157
150,151,152,153,154,155,156,157,159,160,161,162,163,164,165,166,169,170,171,172,174,176,177,177,180,181,182,184,185,187,188,189,180,185,192,196,196,196,197,198,191,206,203,202,193,204,134,35,83,85,71,19,10,6,17,6,13,17,21,22,21,22,26,30,26,28,32,38,44,50,54,57,64,71,79,83,84,84,88,91,124,123,121,122,122,115,122,145,142,119,91,53,36,43,52,74,104,177,201,196,204,186,181,152,174,185,151,112,123,100,63,54,79,108,135,95,139,133,118,138,152,119,106,105,100,95,66,22,23,33,46,80,111,127,121,89,88,81,72,68,66,64,58,54,67,63,56,51,49,52,56,59,46,45,42,39,36,32,30,28,39,38,36,33,30,27,25,23,16,13,13,14,74,73,85,171,190,206,198,206,208,208,195,210,206,199,211,207,188,198,194,151,57,137,187,185,184,189,188,188,183,183,182,180,178,177,176,175,173,173,172,170,168,167,166,165,164,164,163,162,161,160,159,158,158
151,151,152,153,154,156,156,157,160,160,161,162,163,165,165,166,170,170,172,173,175,176,177,178,181,182,183,184,186,188,189,189,205,197,190,193,201,204,198,189,206,192,194,205,202,199,201,144,99,90,35,6,22,11,2,28,17,22,26,25,21,20,24,29,36,39,44,51,58,64,70,72,85,92,99,101,99,98,100,103,92,107,118,132,145,136,126,132,150,133,95,49,38,41,46,79,108,161,182,188,192,190,166,166,184,171,142,130,123,112,76,54,92,134,144,119,148,134,123,140,129,89,99,96,85,85,50,24,34,39,45,93,128,120,108,91,89,80,69,63,65,69,70,70,77,78,78,76,72,66,60,56,53,51,49,45,41,37,34,33,43,42,39,36,32,29,26,25,24,24,12,8,66,68,84,197,208,204,200,213,207,207,194,206,192,216,208,195,203,196,187,203,121,159,187,189,188,189,188,187,184,183,182,180,179,177,176,175,174,173,172,170,169,167,166,165,165,164,163,162,161,160,159,159,158
151,151,152,153,155,156,157,157,160,160,161,162,164,165,166,166,170,171,172,173,175,177,178,178,181,182,183,185,186,188,189,190,188,191,194,195,195,196,199,203,206,196,198,190,203,204,200,208,129,73,11,4,4,27,22,20,20,25,29,27,21,19,23,28,44,47,53,60,68,75,81,84,100,106,112,113,110,108,109,111,127,135,132,134,150,152,148,155,153,141,98,47,40,40,42,82,110,144,159,170,173,183,149,168,172,143,121,132,118,118,87,57,100,155,143,143,155,130,122,135,103,70,106,96,70,69,38,34,21,28,38,99,134,107,99,107,92,88,85,87,92,94,92,88,86,87,88,88,87,85,83,82,57,56,53,49,44,40,37,36,45,44,41,37,33,30,27,26,31,25,9,8,36,77,85,171,208,200,204,217,204,206,195,201,197,200,197,195,198,200,198,197,202,198,199,200,194,188,186,185,184,183,182,181,179,177,176,176,174,173,172,171,169,167,166,166,165,164,164,162,161,160,159,159,159
152,152,153,154,156,157,158,158,160,160,162,163,165,166,167,168,171,172,173,175,177,179,181,181,182,183,184,186,187,189,190,191,194,198,201,193,195,197,201,199,199,200,200,202,203,204,205,205,185,87,8,3,8,17,35,25,26,27,26,24,25,31,43,53,61,62,64,69,77,86,95,101,112,114,125,137,134,124,125,135,119,122,128,136,147,157,166,171,180,166,137,90,37,18,50,96,94,119,110,148,154,148,144,149,138,120,124,136,126,108,86,61,103,132,129,127,128,131,133,104,82,100,94,76,70,55,32,22,32,24,69,121,115,96,100,104,115,103,89,78,72,71,78,85,90,100,101,89,81,78,70,57,63,60,55,51,49,50,52,54,55,53,50,45,40,35,32,30,14,27,15,15,20,75,63,192,214,212,210,208,206,205,205,205,203,203,202,201,199,198,197,197,195,195,194,193,191,190,189,189,185,184,183,182,180,178,177,177,176,175,174,173,171,170,168,168,165,164,163,162,161,160,159,159,158
152,152,153,154,156,157,158,158,160,161,162,163,165,166,168,168,171,172,174,175,178,179,181,182,182,183,184,186,187,189,190,191,187,187,191,195,197,192,193,194,199,200,200,202,203,204,205,205,194,100,17,3,6,16,17,24,22,25,28,28,29,35,45,54,68,68,70,74,80,88,95,100,104,109,122,137,142,137,130,128,132,134,138,143,147,151,153,154,154,161,156,118,59,23,40,77,88,101,95,121,131,140,128,118,128,112,116,127,118,100,79,57,103,119,113,118,123,124,121,93,84,94,85,68,57,40,22,19,26,51,96,116,96,83,83,77,43,37,30,27,28,32,40,46,54,75,93,96,94,93,88,79,98,94,87,79,73,70,68,68,67,65,61,57,52,47,44,42,34,27,13,14,14,69,95,209,212,211,210,208,206,205,205,204,203,203,202,201,199,198,197,197,195,195,194,193,192,190,190,189,185,184,183,182,180,179,177,177,176,175,174,173,171,170,168,168,165,164,164,162,161,160,159,159,158
152,153,154,155,156,157,158,159,160,161,162,164,165,167,168,169,172,172,174,176,178,180,181,182,183,183,185,186,188,189,190,191,192,189,191,204,205,201,197,202,199,200,200,202,203,204,205,205,203,124,30,7,8,21,10,29,23,29,35,38,40,44,52,59,67,69,74,80,89,98,106,111,106,125,138,130,116,114,128,141,151,148,145,143,145,150,155,159,147,154,154,131,86,49,43,54,78,80,87,96,101,123,108,95,113,101,104,113,106,89,68,51,102,103,96,106,115,109,101,81,84,82,68,53,40,24,19,29,58,93,115,97,65,48,29,5,13,14,14,14,17,22,27,29,22,32,46,65,88,102,98,86,74,74,73,74,77,80,84,86,77,75,71,67,62,57,54,52,56,30,19,21,12,64,133,213,209,209,209,209,208,206,205,204,204,203,202,201,200,199,198,197,196,195,194,193,192,191,190,189,185,185,184,182,180,179,178,177,176,175,174,173,171,170,168,168,165,165,164,163,162,160,160,159,158
153,153,154,155,156,158,159,159,161,161,163,164,166,167,168,169,172,173,174,176,178,180,182,182,183,184,185,187,188,190,191,192,197,195,188,195,195,205,204,206,199,200,200,202,203,204,205,205,207,155,36,10,17,23,17,31,28,35,43,48,50,54,60,65,63,67,76,88,101,114,124,130,128,133,133,132,141,152,146,131,109,101,91,85,90,103,120,131,146,149,146,131,101,71,53,47,70,62,85,84,79,101,95,94,97,90,92,100,95,77,59,47,97,91,89,101,103,90,82,77,78,63,46,36,28,23,35,57,87,98,86,49,18,8,16,26,25,31,32,28,27,28,25,19,15,12,14,30,57,82,93,93,83,83,83,83,84,85,86,87,82,80,77,72,67,62,59,57,66,39,38,38,23,74,168,205,206,207,208,209,209,207,205,204,204,204,203,201,200,199,198,198,196,196,195,194,192,191,190,190,186,185,184,183,181,179,178,178,176,175,174,173,171,170,168,168,166,165,164,163,162,161,160,160,158
153,154,155,156,157,158,159,159,161,162,163,165,166,168,169,170,173,173,175,177,179,181,182,183,184,184,186,187,189,190,191,192,192,195,173,167,164,196,198,195,199,200,200,202,203,204,205,205,210,188,48,8,17,11,21,18,32,39,47,51,53,55,61,66,72,77,87,99,112,123,131,135,130,138,141,139,136,124,91,58,40,34,25,22,27,41,57,67,100,118,135,133,114,90,73,64,70,49,71,72,72,84,85,94,87,84,85,91,89,71,54,50,91,86,93,98,89,73,67,78,66,44,28,26,28,39,63,84,92,56,25,22,28,24,24,34,42,52,55,48,45,46,39,27,25,27,28,27,29,44,73,97,107,106,105,103,100,97,95,93,89,87,84,79,74,70,66,64,69,54,57,51,41,97,197,211,202,204,208,210,210,209,206,204,204,204,203,202,201,200,199,198,197,196,195,194,193,192,191,190,186,186,185,183,181,180,179,178,176,175,174,173,171,170,168,168,166,166,165,164,163,161,160,160,158
154,154,155,156,157,159,159,160,162,162,163,165,167,168,169,170,173,174,175,177,179,181,183,183,184,185,186,187,189,191,192,192,195,198,165,152,145,191,193,187,199,200,200,202,203,204,205,205,210,213,85,7,8,4,23,15,43,48,53,54,54,56,63,69,94,98,104,112,119,123,126,127,137,139,127,94,55,28,14,9,14,14,15,16,18,20,21,22,29,52,84,110,127,129,112,93,80,53,56,58,73,76,80,83,82,84,84,89,89,71,56,57,86,82,94,91,76,62,56,73,52,31,22,30,43,62,80,84,55,25,12,23,34,38,44,50,43,58,66,63,66,75,72,60,45,40,34,29,22,23,40,60,88,91,96,101,104,107,107,107,97,96,92,87,83,78,74,73,71,66,65,55,55,109,189,209,198,202,207,211,212,210,206,203,205,204,204,202,201,200,199,199,197,197,196,195,193,192,191,191,187,186,185,184,182,180,179,179,176,175,174,173,171,170,168,168,167,166,165,164,163,162,161,160,158
154,155,155,157,158,159,160,160,162,163,164,165,167,169,170,170,173,174,176,177,180,181,183,184,184,185,186,188,189,191,192,193,196,196,159,151,141,185,181,177,199,200,200,202,203,204,205,205,204,222,143,17,9,14,43,52,69,71,71,68,66,69,77,85,108,111,116,121,125,125,125,124,138,102,59,32,22,20,21,23,25,29,35,38,37,32,24,19,10,16,29,59,103,135,134,115,94,82,66,58,78,71,83,78,83,88,87,90,92,75,60,67,83,77,89,79,66,60,48,60,40,27,29,45,62,80,77,53,9,25,39,29,33,90,147,159,24,43,55,57,68,88,91,81,71,51,35,31,29,23,21,25,67,71,79,87,93,97,99,99,97,96,92,87,83,78,74,73,69,69,63,55,58,87,122,162,195,200,206,211,213,211,206,203,205,205,204,203,202,200,200,199,197,197,196,195,194,193,192,191,187,187,185,184,182,181,180,179,176,175,174,173,171,170,168,168,167,167,166,165,163,162,161,161,158
154,155,156,157,158,159,160,160,162,163,164,166,167,169,170,171,174,174,176,178,180,182,183,184,185,185,186,188,190,191,192,193,187,182,146,147,135,170,161,161,199,200,200,202,203,204,205,205,196,221,189,29,12,39,70,100,94,94,91,85,82,85,95,103,108,112,119,125,129,131,130,130,85,59,35,27,24,20,23,32,50,53,58,62,61,57,52,48,37,30,18,21,52,96,121,124,104,113,89,67,82,68,90,83,84,91,90,92,95,78,64,73,82,73,81,68,61,60,44,48,34,27,38,58,76,89,67,22,23,30,35,46,120,238,251,179,16,37,51,54,69,95,103,93,90,71,54,46,37,25,24,32,33,39,50,62,72,79,83,85,91,89,86,81,76,72,68,66,64,67,59,56,56,55,50,102,194,199,206,212,213,211,206,203,205,205,204,203,202,201,200,199,198,197,196,195,194,193,192,191,187,187,186,184,182,181,180,179,176,175,174,173,171,170,168,168,167,167,166,165,163,162,161,161,158
154,155,155,157,158,159,160,160,163,164,165,167,168,170,171,172,172,173,174,176,178,180,182,183,171,187,196,191,190,196,195,189,189,191,155,152,155,147,161,163,199,165,177,207,204,203,213,206,207,217,224,52,30,79,111,105,105,92,81,83,96,107,108,105,120,116,117,125,133,131,119,106,52,41,49,17,28,43,40,54,79,69,62,73,44,58,66,55,39,38,33,31,9,27,87,125,117,116,100,81,61,70,95,84,90,99,97,93,94,86,78,83,94,71,81,72,60,62,43,31,26,44,51,60,70,82,28,19,23,49,42,87,224,229,237,140,14,42,36,52,33,77,101,114,112,87,78,75,42,42,19,56,47,43,39,39,43,47,49,49,79,78,77,74,71,66,62,60,63,62,59,55,54,61,75,86,125,179,209,207,208,210,208,212,208,207,206,205,204,203,202,201,197,197,196,195,194,193,192,191,187,187,186,185,184,182,182,181,177,177,175,174,172,171,169,169,167,167,166,165,163,162,161,161,161
154,155,156,157,158,159,160,160,163,164,165,167,168,170,171,172,172,173,175,177,179,181,182,183,190,193,192,193,193,187,188,200,172,138,183,143,188,157,145,159,168,133,146,191,206,202,208,212,211,206,205,89,79,107,121,110,103,104,108,112,116,118,118,117,120,121,124,130,129,112,83,60,63,44,34,29,36,46,64,77,85,64,106,157,112,27,24,50,43,39,49,41,22,16,41,110,118,116,105,94,72,70,90,85,96,106,105,100,98,88,79,83,99,77,80,68,55,56,40,31,38,57,62,70,76,69,17,21,50,52,60,70,225,220,131,8,16,32,31,33,25,56,119,134,139,111,102,79,63,35,32,81,65,73,77,70,57,54,65,77,58,58,58,58,59,60,62,63,67,68,68,66,68,77,92,104,124,175,206,207,208,210,209,212,208,207,206,205,204,203,202,201,197,197,196,195,194,193,192,191,187,187,186,185,184,182,182,181,177,177,175,174,172,171,169,169,167,167,166,165,163,162,161,161,161
155,155,156,157,158,159,160,161,163,164,165,167,168,170,171,172,173,174,175,177,179,181,182,183,191,186,180,189,190,166,161,187,147,140,146,148,185,147,154,168,163,152,164,195,210,205,204,211,206,179,157,107,110,117,117,108,104,108,113,118,122,125,128,129,125,125,123,116,103,86,69,58,69,37,21,46,47,54,83,91,84,130,222,234,165,3,37,58,55,40,57,44,43,27,5,57,112,118,116,112,90,75,87,85,107,119,119,113,107,92,80,84,108,88,81,63,48,47,37,32,52,75,77,84,85,52,4,29,60,63,74,87,105,66,19,4,12,18,26,20,18,33,136,151,158,146,125,88,70,31,41,104,94,100,106,108,103,94,87,83,85,79,70,61,54,51,50,50,55,57,59,61,65,77,92,104,121,167,201,207,209,210,209,210,208,207,206,205,204,203,202,201,197,197,196,195,194,193,192,191,187,187,186,185,184,182,182,181,177,177,175,174,172,171,169,169,167,167,166,165,163,162,161,161,161
155,155,156,158,159,160,161,161,163,164,165,167,168,170,171,172,173,174,175,177,179,181,183,184,183,181,179,190,189,155,139,161,152,174,140,145,154,128,145,161,168,197,210,207,208,206,202,205,205,163,117,108,113,111,114,112,120,121,125,134,143,144,136,129,107,111,109,98,83,79,86,97,76,25,25,57,56,73,88,91,87,229,229,235,76,16,37,21,50,38,66,58,56,39,6,4,96,123,134,130,108,90,92,84,119,134,136,128,118,99,84,87,117,100,82,60,43,38,35,35,61,87,90,99,96,37,3,41,66,67,97,150,98,4,14,21,6,11,23,21,14,28,141,155,160,167,135,102,68,26,43,116,85,93,107,123,131,123,103,86,74,68,58,48,43,42,45,47,43,46,50,53,58,68,83,94,118,157,194,207,209,210,209,208,208,207,206,205,204,203,202,201,197,197,196,195,194,193,192,191,187,187,186,185,184,182,182,181,177,177,175,174,172,171,169,169,167,167,166,165,163,162,161,161,161
156,156,157,158,159,160,161,162,163,164,165,167,168,170,171,172,174,174,176,178,180,182,183,184,188,191,191,193,185,157,140,149,133,145,171,115,126,125,121,145,166,203,215,205,206,205,200,204,207,168,116,118,117,113,121,126,125,132,142,150,147,131,109,92,73,82,92,95,94,96,104,112,107,28,45,57,63,99,97,104,97,232,234,164,3,7,26,42,32,26,77,95,69,35,32,3,70,126,152,146,126,111,105,85,129,147,153,145,131,108,91,94,123,112,85,61,44,34,36,39,65,92,99,109,103,28,3,51,63,75,129,167,169,39,29,5,11,15,17,21,8,42,143,159,166,160,143,117,87,10,58,132,107,119,129,124,109,94,90,92,101,91,75,57,43,34,29,28,46,50,54,58,62,71,84,94,114,147,187,207,210,210,210,206,208,207,206,205,204,203,202,201,197,197,196,195,194,193,192,191,187,187,186,185,184,182,182,181,177,177,175,174,172,171,169,169,167,167,166,165,163,162,161,161,161
156,156,157,158,160,161,162,162,163,164,165,167,168,170,171,172,174,175,176,178,180,182,184,185,191,191,190,183,166,150,142,139,150,177,181,157,137,149,150,163,188,198,201,208,216,206,196,205,192,160,124,124,121,114,119,127,134,141,143,131,108,85,71,67,67,75,87,99,108,113,114,114,151,45,62,52,76,117,118,135,138,90,103,8,12,14,9,15,31,7,71,121,98,49,57,5,44,122,164,162,146,132,119,94,136,158,167,160,144,117,100,102,126,122,89,65,49,34,40,45,70,94,104,115,105,22,5,52,62,91,118,157,160,92,5,22,22,21,12,11,7,73,148,167,175,147,154,124,106,7,95,151,123,120,107,82,57,48,57,70,54,49,42,35,30,29,30,31,40,46,52,56,61,69,81,91,110,137,180,208,210,210,210,204,208,207,206,205,204,203,202,201,197,197,196,195,194,193,192,191,187,187,186,185,184,182,182,181,177,177,175,174,172,171,169,169,167,167,166,165,163,162,161,161,161
156,157,158,159,160,161,162,163,163,164,165,167,168,170,171,172,174,175,177,179,181,183,184,185,189,181,187,183,156,143,140,127,177,194,154,187,145,140,155,157,208,204,203,213,218,206,198,206,174,139,120,116,119,110,111,125,148,143,126,100,74,62,67,77,83,95,110,116,116,119,128,137,174,55,60,54,99,118,136,158,150,72,7,10,11,26,6,30,29,5,78,123,121,80,69,24,24,112,167,178,167,145,128,108,140,165,177,171,154,125,107,110,125,128,94,71,56,37,44,50,77,98,110,118,103,17,9,42,77,92,96,167,160,158,25,16,20,17,14,7,22,110,157,168,165,153,154,123,77,27,138,158,138,123,105,97,98,100,96,90,65,61,54,44,35,27,21,18,23,29,38,46,53,63,76,86,108,129,174,208,210,210,210,202,208,207,206,205,204,203,202,201,197,197,196,195,194,193,192,191,187,187,186,185,184,182,182,181,177,177,175,174,172,171,169,169,167,167,166,165,163,162,161,161,161
156,157,158,159,160,161,162,163,163,164,165,167,168,170,171,172,175,175,177,179,181,183,184,185,191,179,196,202,169,150,145,125,200,150,185,194,206,181,188,207,197,203,207,206,204,203,205,207,173,127,116,109,120,111,113,134,131,117,93,70,57,56,65,73,87,117,144,145,128,122,141,164,172,54,49,58,119,111,143,161,161,130,7,32,11,3,21,3,12,11,105,119,122,97,72,48,15,104,166,188,180,151,132,119,141,168,183,177,159,130,112,115,124,131,96,75,62,40,47,54,84,101,114,120,100,14,10,33,75,84,121,149,163,170,136,7,10,9,20,7,44,137,162,162,143,172,146,118,27,60,164,151,135,124,118,125,134,124,93,65,62,59,54,46,37,27,19,14,13,21,32,43,53,65,79,90,106,125,172,208,211,209,210,202,208,207,206,205,204,203,202,201,197,197,196,195,194,193,192,191,187,187,186,185,184,182,182,181,177,177,175,174,172,171,169,169,167,167,166,165,163,162,161,161,161
156,157,158,159,160,161,162,163,164,165,166,168,169,171,172,173,176,176,177,179,181,182,183,184,188,188,189,190,192,193,194,194,142,161,204,193,202,203,195,207,203,200,205,209,211,218,210,187,136,123,112,109,107,107,115,127,116,93,74,73,78,80,81,84,92,111,131,138,136,141,158,174,197,91,37,67,112,139,162,154,152,170,30,6,14,21,7,12,18,31,143,134,118,127,82,47,18,90,168,191,193,174,141,127,156,161,187,202,169,146,113,135,138,113,91,82,73,58,51,53,86,96,129,152,89,5,29,7,66,97,108,138,151,163,175,118,8,17,9,9,128,164,160,151,154,148,146,54,7,140,157,145,142,152,156,140,111,87,81,84,79,72,61,48,37,30,26,24,25,23,23,28,39,56,72,82,94,102,171,209,211,219,206,197,207,206,206,205,204,203,203,202,199,198,197,195,194,192,191,190,187,187,185,184,182,181,180,179,177,177,175,174,172,171,169,169,167,167,166,165,163,162,161,161,161
156,157,158,159,160,161,162,163,164,165,166,168,169,171,172,173,176,176,177,179,181,182,183,184,188,188,189,190,192,193,194,194,164,165,204,198,203,201,195,203,205,201,205,207,206,210,200,175,121,108,101,108,111,102,90,84,70,64,61,61,61,69,94,119,132,140,144,138,129,135,156,176,178,145,8,64,136,128,147,178,162,166,152,8,4,9,24,18,7,104,155,151,151,125,98,57,5,62,165,194,207,177,151,147,148,158,187,203,199,191,155,149,143,124,106,97,86,69,58,56,88,104,132,132,60,4,32,23,29,86,106,140,167,148,155,178,100,15,24,115,159,152,159,166,159,149,84,10,93,158,159,166,168,141,109,94,97,103,101,94,72,67,59,50,41,33,28,26,22,20,19,22,32,46,60,69,96,108,164,206,210,210,209,211,207,206,206,205,204,203,203,202,199,198,197,195,194,192,191,190,187,187,185,184,182,181,180,179,177,177,175,174,172,171,169,169,167,167,166,165,163,162,161,161,161
156,157,158,159,160,161,162,163,164,165,166,168,169,171,172,173,176,176,177,179,181,182,183,184,188,188,189,190,192,193,194,194,192,165,200,203,203,198,195,200,207,202,205,206,202,203,190,164,121,110,106,111,110,93,71,60,61,59,62,69,75,82,101,121,140,150,157,153,142,138,147,158,182,177,49,62,80,131,173,154,171,154,169,60,6,30,20,7,61,139,147,159,161,155,120,26,10,42,156,191,215,182,153,153,144,167,199,194,195,190,167,147,130,126,121,113,93,70,58,58,90,115,138,110,30,10,28,32,23,61,105,132,149,169,173,155,171,139,133,174,161,172,159,149,161,92,23,32,146,165,179,141,81,97,112,114,101,83,72,68,61,59,56,52,46,39,33,30,21,19,16,17,23,33,44,51,88,108,150,205,216,200,205,211,207,206,206,205,204,203,203,202,199,198,197,195,194,192,191,190,187,187,185,184,182,181,180,179,177,177,175,174,172,171,169,169,167,167,166,165,163,162,161,161,161
156,157,158,159,160,161,162,163,164,165,166,168,169,171,172,173,176,176,177,179,181,182,183,184,188,188,189,190,192,193,194,194,206,157,190,203,200,196,198,200,206,202,206,207,203,203,188,160,128,118,110,103,89,69,57,56,40,34,38,55,73,88,104,119,134,153,177,191,192,190,194,199,207,178,124,4,92,106,144,162,161,166,156,150,20,7,14,43,141,150,168,168,157,157,68,7,29,33,123,172,208,199,157,151,159,176,197,177,179,168,158,136,111,122,131,124,101,75,63,62,90,118,134,89,19,30,28,32,38,9,41,102,130,148,157,160,170,166,150,168,151,164,156,170,76,5,18,172,198,150,146,125,131,118,99,84,74,66,58,51,50,52,53,53,50,44,39,35,26,23,19,17,19,25,32,37,53,80,120,196,227,204,206,208,207,206,206,205,204,203,203,202,199,198,197,195,194,192,191,190,187,187,185,184,182,181,180,179,177,177,175,174,172,171,169,169,167,167,166,165,163,162,161,161,161
156,157,158,159,160,161,162,163,164,165,166,168,169,171,172,173,176,176,177,179,181,182,183,184,188,188,189,190,192,193,194,194,204,146,180,199,198,195,201,203,204,202,207,210,207,206,191,163,129,114,96,82,65,47,40,42,45,39,41,53,69,89,117,141,126,139,156,167,172,178,189,198,204,196,173,40,38,98,118,153,160,166,167,173,100,21,89,146,157,160,170,166,176,136,11,25,44,32,74,140,188,214,162,151,167,167,175,171,185,170,162,137,123,133,143,143,132,112,90,74,84,101,106,63,25,59,50,54,45,46,13,6,50,120,139,152,156,152,157,160,149,149,92,8,9,89,136,177,156,156,123,97,75,63,56,64,77,78,61,42,45,47,50,52,51,48,43,40,34,31,26,23,22,24,28,31,23,47,90,178,224,211,212,210,207,206,206,205,204,203,203,202,199,198,197,195,194,192,191,190,187,187,185,184,182,181,180,179,177,177,175,174,172,171,169,169,167,167,166,165,163,162,161,161,161
156,157,158,159,160,161,162,163,164,165,166,168,169,171,172,173,176,176,177,179,181,182,183,184,188,188,189,190,192,193,194,194,194,142,178,198,198,197,203,206,203,202,208,211,208,206,189,159,130,107,84,73,63,47,33,27,30,24,29,49,71,85,96,106,133,139,147,153,157,166,178,188,196,209,206,166,20,48,90,122,162,158,173,166,175,147,166,187,166,174,173,164,128,59,11,50,64,50,48,117,165,192,143,137,152,160,169,182,185,161,156,144,159,160,161,167,173,161,125,89,72,75,68,38,41,83,84,93,104,120,122,96,40,7,18,66,88,78,75,63,43,6,11,60,132,173,176,142,128,107,87,104,79,83,85,79,66,56,53,54,45,46,48,49,49,48,46,45,41,38,33,29,27,27,28,29,32,48,95,169,206,204,205,203,207,206,206,205,204,203,203,202,199,198,197,195,194,192,191,190,187,187,185,184,182,181,180,179,177,177,175,174,172,171,169,169,167,167,166,165,163,162,161,161,161
156,157,158,159,160,161,162,163,164,165,166,168,169,171,172,173,176,176,177,179,181,182,183,184,188,188,189,190,192,193,194,194,189,150,187,201,202,200,204,208,205,203,208,210,204,198,179,148,123,100,77,67,58,43,30,24,23,28,49,84,109,111,102,96,98,106,118,129,139,150,163,171,191,193,204,199,168,32,43,93,109,135,165,168,161,179,157,164,170,170,162,117,48,9,38,57,71,68,48,110,151,140,112,128,150,174,182,198,179,157,160,162,179,180,179,181,186,175,134,94,61,58,48,36,66,91,101,113,124,140,173,213,198,170,143,72,39,61,42,27,89,125,145,173,178,171,160,123,112,102,98,68,63,67,72,74,70,61,50,42,48,47,46,45,45,47,48,49,43,41,37,33,30,28,28,28,43,60,127,182,198,203,201,200,207,206,206,205,204,203,203,202,199,198,197,195,194,192,191,190,187,187,185,184,182,181,180,179,177,177,175,174,172,171,169,169,167,167,166,165,163,162,161,161,161
156,157,158,159,160,161,162,163,164,165,166,168,169,171,172,173,176,176,177,179,181,182,183,184,188,188,189,190,192,193,194,194,188,159,197,205,205,203,203,208,207,204,208,208,199,191,169,136,105,88,67,52,35,21,18,24,37,57,88,111,109,93,84,87,90,92,96,99,103,111,120,127,161,180,175,205,187,176,90,8,40,67,102,127,134,144,153,145,146,115,59,9,63,101,78,54,58,67,51,110,149,103,99,136,174,194,186,206,190,184,188,189,174,184,189,183,175,158,123,90,56,54,49,47,87,89,99,109,125,137,127,181,219,199,211,220,201,182,190,194,179,181,188,170,176,151,119,124,102,69,70,66,77,83,86,80,66,53,48,48,51,49,45,43,43,45,49,52,43,41,37,33,30,28,28,28,28,56,149,200,204,216,213,214,207,206,206,205,204,203,203,202,199,198,197,195,194,192,191,190,187,187,185,184,182,181,180,179,177,177,175,174,172,171,169,169,167,167,166,165,163,162,161,161,161
156,157,158,159,160,161,162,163,165,166,167,168,169,170,171,172,175,175,177,179,181,183,184,185,188,189,190,191,193,195,196,196,197,197,198,199,201,202,203,203,196,198,207,209,200,192,173,146,114,83,49,32,24,20,23,29,58,85,118,133,130,120,116,117,87,86,85,88,95,105,115,122,139,138,146,165,187,200,197,190,95,42,9,11,19,29,28,15,4,44,110,161,175,158,130,112,71,55,74,123,103,95,120,172,183,190,202,212,216,211,200,191,185,193,199,196,186,167,139,116,79,64,43,54,54,83,110,146,148,162,163,154,166,197,213,208,205,195,184,181,183,178,164,151,114,102,88,80,82,87,91,92,90,92,90,81,66,56,54,55,51,52,53,53,51,49,48,47,38,44,48,46,39,32,29,29,30,61,118,187,196,212,207,204,206,206,205,204,203,202,201,200,199,198,197,195,194,192,191,190,187,187,186,184,182,181,180,179,176,175,174,173,171,170,168,168,165,165,164,163,162,162,161,161,161
156,157,158,159,160,161,162,163,165,166,167,168,169,170,171,172,174,175,177,179,181,183,184,185,188,189,190,191,193,194,196,196,197,197,198,199,201,202,203,203,200,208,211,200,195,204,186,144,68,60,44,28,23,35,54,68,58,81,110,129,131,125,120,118,96,92,87,86,92,105,119,128,138,147,158,166,174,185,199,210,207,190,179,162,137,134,152,161,167,188,194,181,174,168,135,94,71,59,65,88,91,115,152,181,187,193,202,209,211,206,197,190,190,187,185,182,170,147,123,109,93,72,45,37,37,65,107,149,182,194,197,187,176,177,182,184,206,200,190,178,163,144,124,111,93,94,92,84,73,66,66,68,60,63,64,59,52,49,52,57,49,53,55,51,43,40,44,49,47,50,50,46,41,38,40,44,54,78,133,201,205,206,201,208,206,206,205,204,203,202,201,200,198,198,197,195,193,192,191,190,187,187,185,184,182,181,180,179,176,175,174,173,171,169,168,168,165,165,164,163,162,162,161,161,161
156,157,158,159,160,161,162,163,165,166,167,168,169,170,171,172,174,175,176,178,180,182,184,185,188,188,189,191,193,194,195,196,197,197,198,199,201,202,203,203,197,205,211,207,206,208,173,117,56,57,47,30,30,51,73,82,97,100,104,109,115,122,128,132,121,113,100,88,79,76,76,77,98,115,135,146,149,155,168,181,179,180,187,187,183,186,187,178,188,183,176,172,171,160,135,111,77,58,56,65,93,127,167,181,189,194,201,205,205,201,197,194,195,186,181,181,167,137,108,94,88,73,57,39,41,59,108,147,175,183,192,193,182,168,166,171,171,169,162,149,133,119,110,107,90,94,98,95,88,83,82,83,71,70,66,58,50,47,50,53,48,53,54,45,33,30,39,49,51,51,50,45,41,43,50,57,73,80,123,191,208,206,200,209,206,206,205,204,203,202,201,200,198,197,196,195,193,192,190,190,187,186,185,184,182,180,179,179,176,175,174,172,171,169,168,167,165,165,164,163,162,162,161,161,161
156,157,158,159,160,161,162,163,165,166,167,168,169,170,171,172,174,174,176,178,180,182,183,184,187,188,189,190,192,194,195,195,197,197,198,199,201,202,203,203,212,202,203,207,200,174,120,61,56,46,33,33,53,79,90,88,81,87,99,115,128,129,121,112,123,123,121,118,114,108,103,100,92,97,106,114,120,120,117,114,132,151,167,166,166,179,192,193,201,195,194,196,185,157,126,108,82,51,53,71,109,120,152,173,187,193,201,204,204,203,203,204,200,199,198,195,181,150,110,82,78,71,68,45,51,62,113,146,185,188,194,202,203,196,191,189,171,159,139,120,105,97,95,94,96,91,88,89,95,99,99,97,95,89,79,67,57,51,50,51,52,50,46,37,29,29,36,44,46,48,50,48,46,48,54,61,70,62,87,151,196,209,206,208,206,206,205,204,203,202,201,200,198,197,196,194,193,191,190,189,186,186,185,183,181,180,179,178,175,175,173,172,170,169,167,167,165,165,164,163,162,162,161,161,161
156,157,158,159,160,161,162,163,165,166,167,168,169,170,171,172,173,174,175,177,179,181,183,184,187,187,188,190,192,193,194,195,197,197,198,199,201,202,203,203,220,205,201,204,199,178,126,69,57,37,26,43,71,86,86,81,73,68,68,81,103,123,134,137,136,136,133,129,124,117,111,108,94,87,82,86,95,100,97,92,84,108,129,141,160,182,193,194,184,199,200,185,177,171,142,104,79,52,57,78,114,114,144,175,185,194,205,210,210,210,213,218,207,216,214,201,188,168,125,82,78,73,69,41,45,59,109,139,158,165,172,179,188,199,204,204,192,170,141,118,105,97,87,79,85,80,76,76,81,84,83,81,85,80,72,65,60,57,56,55,55,45,34,30,32,36,38,37,43,50,57,59,58,57,59,62,62,54,70,118,178,206,211,210,206,206,205,204,203,202,201,200,197,197,195,194,192,191,189,189,186,185,184,183,181,179,178,178,175,174,173,171,170,168,167,166,165,165,164,163,162,162,161,161,161
156,157,158,159,160,161,162,163,165,166,167,168,169,170,171,172,173,174,175,177,179,181,182,183,186,187,188,189,191,193,194,194,197,197,198,199,201,202,203,203,204,207,209,205,203,196,146,77,50,40,43,63,80,81,78,78,59,64,76,97,119,131,132,129,134,131,126,124,127,133,142,147,153,146,135,123,110,95,81,72,106,111,109,114,134,147,147,147,209,212,208,198,188,169,129,91,80,70,66,73,103,123,157,189,190,203,217,223,220,218,221,225,216,226,219,199,189,181,142,95,72,72,66,45,45,63,99,121,135,148,158,160,162,174,190,201,183,165,144,131,125,116,100,86,79,84,90,90,87,84,85,88,80,76,71,69,69,66,61,56,52,40,29,29,38,44,41,35,46,54,63,67,65,62,62,63,62,64,83,118,176,198,210,213,206,206,205,204,203,202,201,200,197,196,195,193,192,190,189,188,185,185,184,182,180,179,178,177,174,174,172,171,169,168,167,166,165,165,164,163,162,162,161,161,161
156,157,158,159,160,161,162,163,165,166,167,168,169,170,171,172,172,173,175,177,179,181,182,183,186,186,188,189,191,192,193,194,197,197,198,199,201,202,203,203,200,207,211,202,191,175,119,48,40,52,71,89,99,99,96,95,85,79,74,78,93,114,134,145,146,137,123,110,104,104,109,113,99,106,115,117,114,108,103,100,83,94,92,90,100,117,154,197,180,178,186,198,192,164,132,115,101,98,77,77,98,135,163,194,202,217,234,238,231,223,222,224,222,229,224,210,205,194,155,110,64,69,59,51,53,86,114,132,134,133,135,134,124,115,122,136,162,152,139,129,123,115,103,95,97,100,101,97,91,89,92,96,88,85,81,81,79,72,60,50,42,36,32,35,42,47,44,40,47,52,56,57,54,53,56,59,63,66,93,133,194,200,206,213,206,206,205,204,203,202,201,200,196,196,195,193,191,190,189,188,185,184,183,182,180,179,177,177,174,173,172,171,169,167,166,166,165,165,164,163,162,162,161,161,161
156,157,158,159,160,161,162,163,165,166,167,168,169,170,171,172,172,173,174,176,178,180,182,183,186,186,187,189,191,192,193,194,197,197,198,199,201,202,203,203,210,202,204,205,195,174,130,81,66,87,108,114,115,111,100,87,66,62,59,63,76,99,123,138,143,138,130,123,119,120,123,126,114,116,120,123,125,128,131,134,121,123,122,136,155,150,144,158,165,189,202,191,178,172,159,140,127,118,85,90,106,139,156,189,212,229,246,249,237,225,220,220,224,229,231,230,227,208,163,120,70,70,49,46,53,108,146,172,147,131,127,136,131,112,108,120,129,125,119,112,107,108,111,115,119,105,87,74,70,70,70,69,85,82,80,82,81,73,57,44,33,34,37,41,44,46,46,46,43,44,44,40,36,38,45,52,60,56,88,143,214,209,204,209,206,206,205,204,203,202,201,200,196,196,194,193,191,190,189,188,185,184,183,182,180,178,177,177,174,173,172,170,169,167,166,165,165,165,164,163,162,162,161,161,161
155,156,157,158,159,160,161,161,164,165,166,168,169,171,172,173,173,174,175,177,178,180,181,182,186,186,188,189,191,192,193,194,196,196,197,198,199,201,202,202,202,199,201,212,208,162,112,96,89,91,98,108,114,110,97,85,80,69,61,62,61,63,81,103,143,137,130,125,123,121,119,117,151,155,156,150,140,131,127,127,135,136,141,148,148,153,175,199,208,198,184,174,172,175,181,184,165,145,110,93,100,116,158,213,209,160,125,136,159,189,219,221,206,187,142,96,90,118,135,132,78,64,68,53,65,119,151,168,176,165,140,117,117,124,109,83,94,105,127,143,137,119,115,123,110,109,107,103,96,88,81,77,79,77,73,66,56,44,34,28,33,35,39,42,43,43,42,41,40,42,44,45,43,38,33,29,51,69,98,134,200,205,201,200,207,206,205,203,202,200,199,198,195,195,193,192,190,189,188,187,185,184,183,182,180,179,177,177,175,174,173,171,169,167,165,164,166,166,165,164,162,161,160,160,158
155,156,157,158,159,160,161,161,164,165,166,168,169,171,172,173,173,174,175,177,178,180,181,182,186,186,187,189,191,192,193,194,196,196,197,198,199,201,202,202,208,210,211,213,193,137,89,78,84,93,107,116,117,111,102,96,87,68,53,52,54,55,62,72,114,128,143,147,144,147,158,170,168,166,161,150,138,131,131,134,133,140,141,138,150,176,198,208,199,182,165,165,180,194,199,198,176,183,170,106,65,126,184,165,68,80,108,138,135,109,88,71,92,98,110,110,81,48,48,70,92,70,50,52,111,168,171,178,173,156,126,99,89,97,112,121,78,69,72,97,126,138,132,122,106,107,108,109,107,104,101,98,91,84,71,58,46,38,35,33,33,36,40,44,47,48,47,46,40,40,40,40,38,35,32,30,32,40,92,152,193,206,214,207,206,206,205,203,201,200,199,198,195,194,193,192,190,189,187,187,185,184,183,182,180,178,177,177,175,174,173,171,169,167,165,164,166,165,165,163,162,161,160,160,158
155,156,157,158,159,160,161,161,164,165,166,167,169,170,172,172,173,174,175,177,178,180,181,182,185,186,187,189,190,192,193,194,196,196,197,198,199,201,202,202,202,205,208,211,193,141,96,87,92,104,118,122,116,108,104,104,110,92,75,67,62,57,56,59,56,81,116,141,151,149,144,141,135,133,126,117,110,111,119,127,130,146,162,174,187,197,193,182,182,178,174,175,181,191,199,203,205,203,180,111,66,105,122,66,121,112,96,81,74,75,93,120,124,101,70,53,57,66,59,45,88,30,62,135,169,192,195,180,185,161,141,131,116,94,85,90,118,94,64,53,71,100,117,120,118,117,114,109,102,94,86,82,65,58,47,37,31,30,33,35,36,39,43,46,48,49,48,47,41,39,36,34,33,32,33,33,26,18,78,156,172,194,214,207,206,205,204,203,201,199,198,198,195,194,193,191,190,188,187,186,185,184,183,181,180,178,177,176,175,174,173,171,169,167,165,164,166,165,164,163,162,161,160,159,158
155,156,157,158,159,160,161,161,163,164,165,167,168,170,171,172,173,174,175,177,178,180,181,182,185,185,187,188,190,191,193,193,196,196,197,198,199,201,202,202,201,198,198,211,208,167,122,109,112,115,117,115,109,105,106,108,126,119,108,92,74,61,59,62,68,78,103,142,176,185,166,145,142,140,134,125,118,119,126,134,141,146,163,183,188,177,169,169,160,163,165,168,173,186,204,217,216,237,227,164,71,2,15,77,91,83,71,64,78,84,76,88,83,68,56,50,42,35,42,55,11,19,115,204,207,199,202,187,188,163,144,138,124,99,89,94,83,86,78,64,62,76,88,89,92,91,89,84,76,68,60,56,37,35,33,31,30,30,31,31,32,35,40,44,48,49,49,48,42,40,35,32,31,33,36,39,40,29,75,161,177,197,203,202,206,205,204,202,201,199,198,197,194,194,192,191,189,188,187,186,184,184,182,181,179,178,176,176,175,174,173,171,169,167,165,164,165,165,164,163,161,160,159,159,158
155,156,157,158,159,160,161,161,163,164,165,166,168,169,171,171,173,174,175,177,178,180,181,182,184,185,186,188,189,191,192,193,196,196,197,198,199,201,202,202,208,203,202,213,211,169,126,113,119,110,100,96,99,107,113,116,123,122,115,99,81,68,62,59,45,38,39,64,104,137,150,151,147,148,146,140,133,131,135,140,157,166,182,190,176,150,136,136,142,135,132,139,158,181,198,207,244,225,213,207,157,58,3,18,50,42,37,33,58,77,64,73,77,68,48,28,20,23,25,22,9,135,197,198,211,204,182,182,152,174,166,122,96,99,91,69,68,75,75,66,64,66,58,44,69,68,67,64,59,52,46,42,35,35,35,35,35,35,35,35,54,55,56,56,54,51,47,45,42,39,35,33,33,35,39,42,52,51,75,156,200,214,197,205,205,204,203,202,200,199,197,197,194,193,192,190,189,187,186,185,184,183,182,180,179,177,176,175,175,174,173,171,169,167,165,164,165,164,163,162,161,160,159,158,158
155,156,157,158,159,160,161,161,163,163,164,166,168,169,170,171,173,174,175,177,178,180,181,182,184,185,186,187,189,190,192,192,196,196,197,198,199,201,202,202,202,203,206,211,199,154,117,112,107,94,81,79,90,105,115,120,119,118,112,104,99,94,82,68,59,55,49,48,62,96,138,169,191,192,190,183,175,172,174,178,186,200,201,174,138,108,86,71,45,64,94,129,163,192,215,227,225,216,241,247,202,158,103,33,12,3,7,2,18,52,53,68,71,47,22,10,5,3,4,9,146,237,245,209,211,213,204,197,174,135,134,163,138,63,28,46,49,42,29,18,19,28,32,31,46,47,49,50,49,46,43,41,23,22,22,23,26,31,36,39,40,41,44,46,46,45,43,41,35,34,33,32,33,35,37,38,48,50,56,117,189,210,198,217,205,204,203,201,200,198,197,196,193,193,192,190,188,187,186,185,183,183,181,180,178,177,176,175,175,174,173,171,169,167,165,164,164,164,163,162,160,159,158,158,158
155,156,157,158,159,160,161,161,162,163,164,166,167,169,170,171,173,174,175,177,178,180,181,182,184,184,185,187,189,190,191,192,196,196,197,198,199,201,202,202,198,199,201,205,193,149,112,108,92,86,80,77,81,90,99,105,111,117,119,117,119,121,111,96,69,67,60,47,41,54,84,109,135,134,131,126,123,127,138,147,196,185,154,112,86,87,96,102,142,169,202,221,224,222,226,231,245,239,249,236,211,225,219,166,78,38,21,2,16,62,60,62,78,38,19,20,3,5,98,215,237,239,233,235,221,218,230,208,188,200,190,165,163,168,136,88,54,54,60,69,72,69,66,68,76,81,89,98,106,111,114,116,128,122,112,97,80,63,49,42,34,35,38,40,39,38,35,33,23,25,27,29,30,30,29,29,32,38,53,100,176,199,202,214,204,204,202,201,199,198,197,196,193,192,191,190,188,186,185,185,183,182,181,180,178,176,175,175,175,174,173,171,169,167,165,164,164,163,162,161,160,159,158,158,158
155,156,157,158,159,160,161,161,162,163,164,165,167,169,170,170,173,174,175,177,178,180,181,182,183,184,185,187,188,190,191,192,196,196,197,198,199,201,202,202,212,204,197,202,195,152,109,96,88,90,89,83,75,72,77,83,94,113,126,125,124,127,125,116,96,84,67,55,51,55,61,64,58,63,71,84,104,134,167,188,158,134,110,105,116,139,175,204,228,233,240,241,238,231,225,222,236,234,222,224,242,244,237,242,195,114,62,24,43,91,67,40,63,62,25,2,64,185,244,230,234,243,223,225,227,202,183,160,165,168,169,169,171,166,148,128,134,122,117,121,109,74,36,16,3,6,11,17,21,23,24,24,49,63,87,113,132,143,147,147,132,125,110,89,65,40,21,10,14,17,22,25,27,26,23,21,19,35,81,131,196,207,208,197,204,203,202,201,199,198,196,196,193,192,191,189,188,186,185,184,183,182,181,179,178,176,175,174,175,174,173,171,169,167,165,164,164,163,162,161,160,159,158,157,158
154,154,155,156,157,157,158,158,162,163,164,166,167,169,170,171,173,174,175,176,177,178,179,180,182,183,184,186,187,189,190,191,195,195,196,197,199,200,201,201,197,215,199,186,197,169,104,68,69,68,67,66,68,73,81,87,117,119,121,125,129,130,130,129,119,110,95,81,70,64,60,58,78,78,94,126,154,166,174,181,146,139,131,137,161,181,178,164,141,124,152,181,185,163,151,190,228,233,239,243,243,243,246,249,249,232,128,51,109,70,70,25,58,78,56,10,193,247,220,227,221,222,215,197,171,142,116,99,114,96,88,106,132,142,139,134,130,132,127,119,118,130,143,150,162,159,155,152,150,151,154,156,149,142,133,121,101,70,34,8,13,36,71,105,127,132,126,120,108,82,44,17,8,14,23,30,31,14,118,161,194,215,204,207,203,203,201,200,198,197,196,195,193,192,191,190,188,187,185,185,181,180,179,178,177,176,175,174,172,171,170,169,168,167,166,165,164,164,163,162,161,161,160,160,157
154,154,155,156,157,157,158,158,162,163,164,165,167,169,170,170,173,174,175,176,177,178,179,179,182,183,184,186,187,189,190,191,194,195,196,197,198,199,200,201,203,209,206,209,207,157,89,58,64,74,80,69,52,45,55,69,83,95,108,113,111,111,116,123,112,100,84,74,72,76,80,83,112,130,149,162,174,181,173,158,100,91,66,44,56,86,93,79,98,107,164,209,210,188,187,233,232,243,248,244,243,246,243,235,235,227,227,67,52,74,73,31,60,82,36,93,240,221,235,229,222,235,228,200,184,182,167,144,156,120,82,58,39,29,40,60,51,55,64,68,62,57,72,92,94,96,98,100,100,98,96,94,93,102,115,127,138,153,170,183,167,165,157,140,111,76,43,23,41,65,93,106,101,89,81,78,26,22,124,166,194,212,202,208,203,202,201,200,198,196,195,195,193,192,191,189,188,186,185,184,181,180,179,178,177,176,175,174,172,171,170,169,168,167,166,165,164,163,163,162,161,160,160,160,157
154,154,155,156,157,157,158,158,162,162,163,165,167,168,169,170,173,173,174,175,177,178,179,179,182,183,184,185,187,188,190,190,194,194,195,196,197,199,200,200,210,202,206,214,192,133,80,60,69,69,67,59,53,56,68,79,80,86,92,92,87,85,88,92,105,111,120,126,130,132,135,137,130,132,129,124,123,118,95,70,35,37,64,114,160,188,208,222,220,221,222,205,207,230,234,232,217,232,232,215,212,229,242,241,236,230,238,200,5,67,36,35,75,52,46,235,229,222,224,210,223,213,212,219,215,198,191,195,199,188,179,176,166,146,127,118,128,119,103,86,70,48,21,2,4,10,20,30,36,38,37,35,56,49,41,39,39,35,24,14,29,35,48,70,99,131,158,174,167,155,125,81,42,31,48,69,119,122,193,204,203,204,195,203,202,202,200,199,197,196,194,194,192,191,190,189,187,186,184,184,180,180,179,178,176,175,174,174,171,171,170,169,167,166,165,165,163,163,162,162,161,160,160,159,157
154,154,155,156,157,157,158,158,161,162,163,165,166,168,169,170,172,173,174,175,176,177,178,179,181,182,183,185,186,188,189,190,193,193,194,195,197,198,199,199,207,197,201,202,177,144,111,84,68,60,52,49,51,53,53,51,71,75,76,71,64,64,70,78,81,78,68,50,34,29,37,47,74,79,101,134,158,167,173,180,190,212,223,215,209,212,206,193,204,209,208,194,205,227,201,148,81,133,191,223,238,246,243,233,236,242,224,231,155,2,47,5,52,19,185,237,214,229,200,205,219,234,222,187,177,190,179,149,174,184,185,169,154,153,160,165,178,196,215,219,208,198,200,208,189,163,119,72,35,14,5,4,6,14,30,46,56,54,45,36,39,45,52,54,49,37,23,13,9,33,69,99,114,116,113,109,89,119,182,195,193,200,202,217,201,201,199,198,196,195,194,193,191,190,189,188,186,185,183,183,180,179,178,177,176,175,174,174,171,170,169,168,167,166,165,165,163,163,162,161,160,160,159,159,157
154,154,155,156,157,157,158,158,161,161,163,164,166,167,168,169,172,172,173,174,176,177,178,178,181,182,183,184,186,187,189,189,192,192,193,194,196,197,198,198,200,197,201,199,193,188,145,78,62,53,42,36,38,50,65,75,55,60,59,44,23,9,9,15,59,77,107,140,168,188,200,205,199,177,144,108,77,65,83,109,161,176,194,204,204,200,200,202,170,110,94,134,145,127,131,146,197,208,220,226,229,233,239,243,229,239,228,212,219,137,2,21,2,154,210,205,214,186,225,200,214,188,168,165,155,135,125,131,115,115,120,127,128,126,127,131,158,174,185,187,196,196,163,120,103,110,122,131,134,130,123,117,80,55,24,8,11,23,32,36,43,41,38,36,35,36,38,40,44,34,22,14,14,18,21,22,69,131,190,208,202,200,194,200,200,200,199,197,195,194,193,192,190,190,188,187,185,184,183,182,179,179,178,177,176,174,173,173,170,170,169,168,167,165,164,164,162,162,162,161,160,159,159,158,157
154,154,155,156,157,157,158,158,160,161,162,164,165,167,168,169,171,172,173,174,175,176,177,178,181,181,182,184,186,187,188,189,191,191,192,194,195,196,197,197,199,200,202,201,208,203,130,30,49,45,41,42,46,49,48,47,54,62,80,109,141,165,178,182,196,173,140,113,92,69,42,22,48,73,105,135,168,200,216,217,214,210,202,191,169,130,81,44,64,148,196,164,126,168,232,231,242,231,223,224,230,233,232,231,224,232,204,220,234,197,72,8,76,198,194,200,182,206,179,200,204,212,195,160,147,150,128,90,83,51,37,55,74,90,128,172,141,115,122,155,151,117,123,163,165,166,163,151,127,95,63,43,71,81,85,71,46,27,23,27,15,20,29,35,37,33,26,21,41,42,43,41,39,38,41,43,52,133,178,199,198,201,201,206,199,199,198,196,194,193,192,191,189,189,187,186,184,183,182,181,179,178,177,176,175,174,173,173,170,169,168,167,166,165,164,164,162,162,161,160,160,159,158,158,157
154,154,155,156,157,157,158,158,160,161,162,163,165,166,168,168,171,172,172,174,175,176,177,177,180,181,182,184,185,187,188,189,190,191,192,193,194,195,196,197,199,200,202,203,206,190,125,48,11,35,75,120,157,179,187,189,166,148,123,105,94,84,72,61,43,58,88,129,168,195,205,206,212,208,194,173,158,145,122,99,113,174,164,61,1,47,140,192,216,211,212,224,214,217,237,217,212,218,220,220,224,229,228,222,222,196,213,230,204,191,111,2,148,172,181,187,193,175,183,170,179,169,166,177,188,187,179,174,147,132,114,86,43,15,36,76,136,149,121,74,85,141,152,118,106,103,101,109,128,157,186,204,176,114,38,3,7,27,35,31,36,32,25,19,18,20,25,28,30,35,39,36,32,35,46,56,93,177,193,201,195,199,201,205,199,198,197,195,194,192,191,190,189,188,187,185,184,182,181,180,178,178,177,176,175,174,173,172,169,169,168,167,166,165,164,163,162,161,161,160,159,158,158,158,157
154,154,155,156,157,157,158,158,160,160,162,163,165,166,167,168,171,171,172,173,175,176,177,177,180,181,182,183,185,187,188,188,190,190,191,192,194,195,196,196,195,197,202,207,205,188,159,135,163,157,132,88,45,31,49,73,93,99,99,89,82,99,138,172,197,198,187,159,118,82,61,54,46,43,42,43,47,67,111,152,169,121,101,142,190,205,208,216,211,209,197,190,167,168,181,143,152,184,207,202,195,203,210,208,185,220,222,213,193,163,86,2,102,170,186,175,172,188,176,173,174,162,139,123,132,156,165,158,175,172,161,150,145,134,103,71,26,33,71,121,133,102,72,65,81,106,138,153,137,92,38,3,34,98,167,180,133,73,38,30,26,27,28,28,26,22,18,16,14,23,34,41,45,49,57,64,101,191,198,205,199,201,199,197,198,198,197,195,193,192,191,190,188,188,186,185,183,182,181,180,178,178,177,176,175,173,173,172,169,169,168,167,166,164,164,163,161,161,161,160,159,158,158,157,157
153,153,154,155,156,156,157,157,159,159,160,161,162,164,164,165,168,168,170,171,173,174,175,176,179,180,181,182,184,186,187,187,190,191,192,193,194,195,196,197,200,203,205,199,197,204,187,150,54,42,50,81,102,104,104,110,102,123,152,175,178,161,136,117,72,75,75,66,52,46,55,67,72,70,76,101,137,150,120,80,85,133,181,210,219,200,179,180,130,120,84,50,87,93,61,103,174,207,221,208,205,218,214,194,215,217,203,177,154,122,61,3,61,132,158,164,164,163,180,181,171,175,176,160,127,103,109,130,117,136,142,134,140,168,187,189,143,99,47,37,30,62,86,108,98,74,55,58,86,135,176,191,161,122,46,5,43,102,128,134,117,90,45,12,14,34,37,25,29,19,14,33,30,38,43,86,188,191,195,198,201,201,200,199,199,198,197,195,194,192,191,190,187,187,186,184,182,181,180,179,177,177,176,175,174,172,172,171,169,169,168,167,166,165,164,163,162,161,161,160,159,158,158,158,157
153,153,154,154,155,156,157,157,159,159,160,161,162,163,164,165,168,168,169,171,173,174,175,176,179,179,181,182,184,185,186,187,190,190,191,192,194,195,196,196,197,203,211,208,203,203,181,141,134,102,81,83,94,114,138,153,152,131,100,71,57,58,69,79,88,75,73,80,72,57,61,80,74,87,98,94,83,86,112,138,165,198,211,181,130,85,61,57,68,90,89,116,145,169,210,209,215,213,212,212,208,204,206,212,199,189,171,150,123,86,40,6,30,97,133,147,145,133,139,138,158,159,161,161,152,130,96,70,64,46,46,64,68,63,82,115,172,192,186,149,104,46,16,23,76,105,96,61,41,30,24,31,95,144,184,187,153,84,15,3,53,84,129,152,125,70,30,17,13,45,30,21,29,47,23,121,189,191,195,199,201,201,200,199,198,198,197,195,193,192,191,190,187,187,185,184,182,181,180,179,177,177,176,175,173,172,171,171,169,169,168,167,166,164,164,163,161,161,161,160,159,158,158,157,157
152,153,153,154,155,156,156,157,158,159,160,161,162,163,164,164,167,168,169,171,172,174,175,176,178,179,180,181,183,185,186,186,189,189,190,191,193,194,195,195,199,196,194,188,189,203,202,180,79,78,108,143,146,129,103,75,72,68,62,58,58,63,69,73,91,74,68,81,88,80,77,83,67,61,61,70,86,115,163,205,213,198,175,142,112,113,142,166,195,209,188,209,229,211,213,212,196,204,205,192,182,185,195,202,179,150,126,115,94,56,22,8,12,55,88,118,128,115,109,104,107,111,111,111,121,134,131,119,99,89,76,62,45,32,30,36,33,66,121,130,160,189,177,93,23,20,50,79,81,81,59,11,36,9,3,37,100,138,155,170,94,32,3,18,65,92,111,129,99,24,16,57,31,48,43,155,190,192,196,199,200,200,198,197,198,197,196,194,193,191,190,189,187,186,185,184,182,180,179,179,177,176,175,174,173,172,171,171,169,168,168,166,165,164,163,163,161,161,160,159,159,158,157,157,157
152,152,153,154,155,155,156,156,158,158,159,160,161,163,164,164,167,167,169,170,172,173,175,175,177,178,179,181,182,184,185,186,187,188,189,190,191,192,193,194,196,195,199,198,195,202,198,177,168,134,125,128,111,93,83,71,65,67,70,72,73,72,70,68,76,77,74,70,72,73,62,47,33,48,69,82,91,114,159,200,172,120,102,135,178,207,212,199,187,183,217,198,178,207,190,149,164,174,177,167,161,162,159,150,145,122,102,90,66,35,20,25,28,31,44,80,109,112,106,101,101,111,114,104,93,90,91,92,106,120,114,86,70,70,56,33,36,19,36,90,121,66,75,156,184,156,70,3,8,31,54,89,78,58,40,32,20,7,14,36,97,149,149,74,14,14,24,15,50,102,122,111,76,63,65,194,192,194,197,199,200,199,197,196,197,196,195,193,192,190,189,188,186,186,185,183,181,180,179,178,176,176,175,174,173,171,171,170,168,168,167,166,165,164,163,162,161,160,160,159,158,157,157,157,156
152,152,152,153,154,155,155,156,157,158,159,160,161,162,163,163,166,167,168,170,171,173,174,175,176,177,178,180,181,183,184,185,186,187,187,189,190,191,192,192,195,193,198,199,196,201,200,186,133,94,77,87,84,78,85,94,94,82,64,50,45,52,63,72,80,94,103,99,97,98,89,76,93,67,56,94,161,195,167,120,129,143,176,195,181,169,166,158,175,149,130,136,163,117,61,119,144,128,131,155,169,158,144,142,106,99,84,59,31,18,30,49,53,27,22,43,69,84,89,95,88,89,95,102,98,85,76,75,65,64,68,75,76,69,63,62,49,52,39,14,12,93,121,75,16,62,153,188,123,53,21,2,28,45,68,71,50,30,29,37,29,18,45,102,122,84,37,16,20,41,16,33,115,155,162,182,194,195,198,200,200,198,196,194,196,195,194,192,191,189,188,187,186,185,184,183,181,179,178,178,176,175,175,173,172,171,170,170,168,168,167,165,164,163,162,162,160,160,159,159,158,157,156,156,156
151,151,152,153,154,154,155,155,157,157,158,159,161,162,163,163,166,167,168,169,171,172,174,174,175,176,177,179,180,182,183,184,185,185,186,187,188,190,190,191,196,189,191,192,190,200,210,207,155,117,78,62,55,45,47,60,51,51,53,58,68,82,95,103,114,108,105,109,107,88,59,39,71,141,194,166,93,50,60,87,109,112,106,91,88,99,89,62,62,112,107,84,66,86,146,161,162,160,155,147,135,121,109,101,83,70,45,22,17,30,44,51,60,33,29,29,30,41,51,65,94,85,83,88,86,73,65,66,61,48,44,53,56,50,49,57,63,57,30,43,37,18,6,53,78,103,65,21,63,124,124,99,59,42,31,34,47,63,60,40,30,31,24,15,26,57,88,103,69,53,30,22,41,84,182,203,195,197,199,200,199,197,194,192,195,194,193,192,190,188,187,187,185,185,184,182,180,179,178,177,175,175,174,173,172,171,170,169,168,167,166,165,164,163,162,161,160,159,159,158,157,157,156,156,155
151,151,152,152,153,154,155,155,156,157,158,159,160,161,162,163,166,166,167,169,171,172,173,174,175,175,176,178,180,181,182,183,184,184,185,186,187,189,189,190,192,192,205,213,205,198,193,182,186,156,89,34,24,23,22,34,51,54,61,71,81,92,100,104,95,110,105,65,28,49,129,203,186,124,55,33,59,89,90,75,81,89,80,66,68,80,88,91,140,138,84,82,118,131,134,115,99,124,126,100,91,106,108,91,56,42,23,17,31,49,52,44,53,38,54,49,33,32,26,29,37,44,57,71,78,76,70,66,61,58,49,40,43,51,50,42,35,52,68,59,35,43,41,17,28,16,54,96,68,21,22,48,63,63,65,50,31,41,63,68,63,47,31,26,22,16,14,17,80,116,76,42,111,180,203,195,197,198,199,200,199,196,193,191,194,194,192,191,189,188,187,186,185,184,183,182,180,179,177,177,175,175,174,173,171,170,169,169,167,167,166,165,163,162,161,161,159,159,159,158,157,156,156,155,155
151,151,151,152,153,154,154,155,156,157,158,159,160,161,162,163,165,166,167,169,170,172,173,174,174,175,176,178,179,181,182,183,183,184,184,186,187,188,189,189,194,189,199,206,199,198,201,198,200,183,103,26,21,36,38,47,49,51,55,61,69,76,82,86,97,56,22,54,141,193,148,69,32,41,59,74,72,59,53,57,48,52,55,64,71,65,82,122,94,59,97,119,110,110,84,66,90,82,70,63,70,75,59,36,18,28,39,45,47,50,51,52,46,41,73,76,60,52,25,10,19,21,23,32,54,72,71,57,67,60,54,53,55,53,46,39,44,36,42,45,64,43,36,32,29,39,26,14,41,75,66,34,22,14,23,37,41,48,44,24,31,49,60,48,26,15,19,25,31,48,99,131,138,183,197,197,197,198,200,200,199,196,192,190,194,193,192,191,189,187,186,186,185,184,183,182,180,178,177,177,175,174,174,172,171,170,169,169,167,167,166,165,163,162,161,161,159,159,158,158,157,156,155,155,155
150,150,150,151,152,153,153,154,156,157,157,158,159,160,160,161,165,165,166,168,170,171,172,173,173,174,175,176,177,178,179,180,180,181,183,184,187,188,190,191,194,194,195,197,199,200,201,202,189,196,184,138,75,30,22,32,30,33,41,50,50,57,59,33,9,67,148,157,89,43,44,47,70,69,70,70,58,37,39,62,96,91,63,65,48,62,130,82,78,93,96,80,65,63,65,64,64,60,58,55,43,27,23,28,33,54,63,66,67,63,68,89,98,96,92,85,76,67,58,53,24,21,16,15,18,26,36,42,52,56,61,63,61,53,45,39,58,80,35,42,31,53,76,36,42,36,40,48,39,26,37,62,71,49,28,21,19,19,28,40,35,26,21,42,77,80,59,47,77,76,108,167,205,204,194,194,202,198,195,195,197,199,199,198,192,192,191,190,188,187,186,186,176,177,177,177,178,178,179,179,172,171,171,170,169,169,168,168,166,166,165,165,164,163,162,162,159,159,159,158,157,156,156,155,155
150,150,150,151,152,153,153,154,156,157,157,158,159,159,160,160,164,165,166,167,169,171,172,172,173,174,174,176,177,178,179,179,180,181,182,184,186,188,190,190,193,194,195,197,198,200,201,202,207,211,205,187,160,120,65,19,30,24,24,26,47,39,31,92,137,132,67,25,48,52,55,97,82,66,65,61,48,58,80,84,46,57,62,32,74,124,48,90,84,82,73,58,50,53,59,62,66,57,50,45,36,31,38,51,62,57,74,69,83,65,102,138,125,123,118,109,96,82,69,62,58,51,41,30,23,21,22,23,25,26,29,35,44,56,66,73,64,34,68,72,37,28,47,43,56,60,48,28,28,43,42,27,37,52,51,31,21,28,33,27,24,29,23,20,33,52,81,112,115,112,140,187,204,186,179,192,198,204,206,198,184,178,183,191,192,191,190,189,188,187,186,185,179,179,178,178,177,177,176,176,172,171,171,170,169,168,168,167,166,166,165,164,163,163,162,162,159,159,158,158,157,156,155,155,155
150,150,150,151,152,153,153,154,156,156,157,158,158,159,160,160,163,164,165,167,168,170,171,172,172,173,174,175,176,177,178,179,180,181,182,184,186,188,189,190,193,194,195,196,198,200,201,201,203,205,201,198,204,191,136,77,26,35,18,34,51,70,105,85,52,30,47,71,72,87,92,61,48,68,56,52,89,100,64,36,35,46,29,76,123,58,79,60,76,63,50,44,42,42,46,52,45,41,40,43,41,41,51,65,84,70,79,84,94,99,139,170,148,147,144,136,123,107,92,83,69,63,55,45,38,34,33,33,33,29,25,24,29,38,49,56,65,46,53,64,77,45,15,38,33,49,57,46,32,31,40,47,33,35,41,48,48,38,27,21,32,41,39,33,32,27,30,45,128,157,182,188,190,197,199,195,168,173,183,195,203,201,192,184,191,190,189,188,187,186,185,184,182,181,180,178,176,174,173,172,171,171,170,170,169,168,167,167,166,165,165,164,163,162,162,161,159,159,158,157,156,156,155,155,154
150,150,150,151,152,153,153,154,155,156,156,157,158,159,159,160,163,163,164,166,168,169,170,171,171,172,173,174,175,176,177,178,179,180,182,183,186,187,189,190,193,193,195,196,198,199,200,201,199,206,205,199,202,208,199,181,75,29,70,84,64,66,52,58,56,66,72,71,68,60,56,58,56,38,73,108,79,44,37,28,45,28,40,122,70,54,70,61,52,45,45,51,48,36,33,39,30,28,33,41,46,51,66,82,93,94,83,110,101,151,158,161,154,155,154,149,139,125,110,102,78,74,67,59,51,45,40,38,31,32,34,36,38,39,40,41,63,89,32,50,92,72,36,31,39,37,43,55,56,45,33,30,38,29,33,50,56,42,29,28,21,17,15,28,45,44,47,65,145,181,200,187,186,206,213,201,205,186,167,166,181,195,197,193,189,189,188,187,185,184,183,183,184,183,181,178,175,172,170,169,171,171,170,169,168,168,167,167,165,165,164,164,163,162,161,161,158,158,158,157,156,155,155,154,153
150,150,150,151,152,153,153,154,155,155,156,157,157,158,159,159,162,162,163,165,167,168,169,170,171,171,172,173,174,175,176,177,179,180,181,183,185,187,188,189,192,193,194,196,197,199,200,201,199,208,213,207,198,197,205,214,196,141,42,38,62,51,60,49,61,59,61,63,60,58,57,52,60,110,89,31,35,58,49,37,26,35,92,49,59,57,52,60,36,40,51,60,51,34,31,41,43,37,37,44,53,66,90,113,112,116,107,133,122,167,163,154,156,156,153,147,136,122,108,100,76,75,73,68,63,56,51,48,35,39,46,51,53,50,46,43,64,85,73,58,60,60,78,54,28,35,41,45,53,58,49,34,31,46,49,37,32,40,45,41,49,46,43,47,43,36,68,124,190,189,193,198,196,190,190,197,190,197,202,200,191,181,177,177,188,187,186,185,184,183,182,182,184,182,180,178,175,172,170,169,170,170,169,169,168,167,166,166,165,164,164,163,162,161,161,161,158,158,157,156,155,155,154,154,152
150,150,150,151,152,153,153,154,154,155,155,156,157,158,158,159,161,161,163,164,166,167,168,169,170,170,171,172,173,175,175,176,178,179,181,183,185,187,188,189,192,192,194,195,197,198,199,200,203,203,205,207,205,201,201,203,178,171,175,115,69,75,55,46,52,69,51,33,45,43,45,77,96,47,35,50,50,55,54,33,36,99,54,63,51,48,48,44,39,46,54,53,43,35,42,54,55,53,58,69,78,88,108,127,139,133,143,141,147,146,161,163,162,158,149,137,121,106,93,86,73,75,77,77,74,68,62,58,58,58,58,57,54,50,47,45,60,64,113,51,55,45,61,86,34,33,37,41,40,40,52,68,46,46,41,35,33,39,46,49,37,45,54,60,57,61,111,180,202,196,192,193,194,191,187,184,189,197,202,194,182,179,190,204,186,186,185,184,183,182,181,180,181,180,178,177,175,173,172,171,170,170,169,168,167,167,166,166,164,164,163,163,162,161,160,160,158,157,157,156,155,154,154,153,151
150,150,150,151,152,153,153,154,154,154,155,156,157,157,158,158,160,161,162,163,165,167,168,168,169,169,170,171,173,174,175,175,178,179,180,182,184,186,188,188,191,192,193,195,196,198,199,200,204,207,208,208,214,220,218,210,209,185,191,196,127,86,92,45,54,32,55,62,31,52,94,86,33,45,48,53,62,50,41,56,94,75,66,54,52,29,47,40,47,51,50,41,37,43,54,60,59,63,74,89,97,99,109,123,144,146,156,137,151,136,151,156,162,154,141,126,110,97,88,83,86,88,89,88,82,72,62,56,61,59,56,53,52,52,53,54,50,56,94,59,58,46,28,71,90,53,27,32,41,35,32,38,57,38,33,46,51,42,37,43,49,51,47,52,76,106,146,187,185,196,194,183,188,204,202,185,186,190,196,201,201,195,186,180,185,185,184,183,182,181,180,179,177,176,176,176,175,175,174,174,170,169,169,168,167,166,166,165,164,164,163,162,161,161,160,160,157,157,156,156,155,154,153,153,151
150,150,150,151,152,153,153,154,154,154,155,156,156,157,158,158,160,160,161,163,165,166,167,168,169,169,170,171,172,173,174,175,178,179,180,182,184,186,187,188,191,192,193,195,196,198,199,200,184,203,212,205,203,213,212,202,212,221,219,187,171,175,144,99,64,59,35,38,72,73,47,40,56,50,50,47,38,46,73,96,88,74,46,33,20,31,45,46,50,52,46,35,37,52,59,56,67,67,73,84,89,94,107,123,131,154,149,132,138,148,140,132,155,147,134,119,106,98,94,92,75,80,87,91,92,87,80,76,64,62,58,54,50,46,44,43,44,46,58,105,31,42,35,24,75,75,57,29,21,33,36,25,33,48,56,52,47,46,40,31,29,42,50,72,124,168,181,182,186,186,188,192,195,197,197,197,197,189,181,181,188,195,196,194,185,184,183,182,181,180,179,179,174,174,174,175,175,176,176,176,169,169,168,168,167,166,166,165,164,163,163,162,161,160,160,160,157,157,156,155,154,154,153,153,150
148,148,149,149,150,150,150,150,152,152,153,154,156,157,158,158,161,161,162,163,163,164,165,165,167,167,168,170,172,173,174,175,177,182,183,180,184,190,186,175,197,196,193,192,192,194,196,198,205,204,202,202,203,207,211,214,209,209,207,206,204,203,201,201,160,81,63,74,48,50,73,61,38,52,55,60,48,43,110,102,73,52,45,33,28,31,23,26,45,39,34,35,43,52,56,57,48,52,59,69,79,89,96,100,134,135,137,138,138,136,133,131,130,125,116,108,101,97,95,95,76,80,86,91,91,87,82,78,60,48,45,55,58,48,38,37,31,37,34,102,44,53,13,24,5,71,91,27,40,28,23,32,39,31,18,81,92,29,59,31,44,60,107,167,198,196,194,204,189,189,189,190,190,191,191,191,183,183,183,184,185,185,185,186,196,193,189,184,180,177,175,174,175,175,174,173,171,170,169,169,171,170,169,168,167,166,165,164,163,162,161,160,159,158,157,156,156,156,155,154,154,153,152,152,151
148,148,149,149,150,150,150,150,152,152,153,154,156,157,158,158,161,161,162,162,163,164,164,165,166,167,168,170,171,173,174,175,181,169,173,186,183,171,183,209,181,185,191,197,201,201,199,197,197,200,204,208,210,209,207,206,208,208,207,207,206,205,205,205,186,203,169,114,86,61,43,50,54,46,55,29,37,77,95,81,57,56,55,35,25,27,24,36,39,32,25,24,29,35,38,38,40,43,50,58,66,74,80,84,104,101,97,95,95,99,103,106,115,111,104,96,89,85,84,83,87,89,91,90,86,78,69,64,43,37,34,40,42,37,29,25,29,33,33,85,53,52,17,23,22,14,68,90,23,25,34,30,39,41,37,10,23,100,83,57,89,133,189,220,216,201,196,201,196,195,194,193,191,190,188,188,184,184,184,184,184,185,185,185,186,188,189,188,185,180,175,171,175,174,174,172,171,170,169,169,170,170,169,168,167,165,165,164,163,162,161,160,159,158,157,156,156,156,155,154,153,153,152,152,150
148,148,149,149,150,150,150,150,151,152,153,154,155,156,157,158,160,160,161,162,162,163,164,164,166,167,168,169,171,173,174,174,171,186,187,173,176,193,192,175,191,191,191,191,192,193,195,196,196,198,203,206,208,207,205,204,207,207,207,208,209,209,210,210,207,204,203,210,194,135,72,44,45,38,45,43,31,107,64,74,40,64,69,37,23,24,23,45,37,29,21,17,20,23,24,23,31,33,37,42,48,53,57,60,72,73,75,78,80,81,82,82,97,93,88,81,76,72,70,70,84,83,82,77,68,57,46,40,28,29,28,26,28,30,25,17,26,27,32,58,66,51,24,21,5,31,11,102,60,19,36,29,30,30,46,43,33,26,70,139,182,196,200,189,188,200,206,201,203,201,199,196,193,190,188,186,185,185,185,184,184,184,184,184,176,180,186,190,189,183,175,170,175,174,173,172,171,170,169,168,170,169,168,167,166,165,164,163,162,162,161,160,158,157,156,156,156,155,155,154,153,152,152,151,150
148,148,149,149,150,150,150,150,151,151,152,154,155,156,157,157,159,159,160,161,162,162,163,163,166,166,168,169,171,172,173,174,184,175,175,186,191,184,177,176,196,194,190,187,186,188,192,194,201,199,197,197,198,202,206,209,205,206,207,208,210,212,213,214,218,209,209,206,206,211,158,68,55,32,29,51,64,88,64,80,37,75,80,41,28,27,22,44,41,32,23,19,22,25,25,24,26,27,29,31,34,36,38,39,55,58,64,69,72,72,71,69,76,74,71,66,62,59,57,56,57,56,54,50,43,34,25,21,23,30,30,23,25,32,31,22,24,25,32,33,77,52,32,20,14,8,46,19,94,57,11,34,23,55,40,41,56,70,91,86,178,204,215,200,188,194,202,200,202,201,200,198,195,193,191,190,186,186,186,185,184,183,182,182,172,176,181,185,186,183,178,175,174,174,173,172,170,169,168,168,169,168,167,166,165,164,163,162,162,161,160,159,158,157,156,156,155,155,154,153,153,152,151,151,150
148,148,149,149,150,150,150,150,151,151,152,153,154,155,156,157,158,158,159,160,161,161,162,162,165,166,167,169,170,172,173,174,175,173,176,181,179,176,185,201,177,181,186,192,195,195,193,192,198,197,195,194,196,200,204,207,204,205,206,207,209,211,212,213,202,221,213,190,199,216,184,129,91,51,24,36,98,47,93,71,47,82,85,49,39,37,24,39,41,33,25,22,25,28,29,29,26,26,26,27,27,28,28,28,40,38,37,37,40,45,51,54,50,49,48,46,44,41,38,37,28,29,29,29,27,23,20,18,20,29,31,23,24,33,36,30,24,27,35,19,78,54,40,21,26,19,23,43,30,89,29,33,36,35,54,93,57,45,51,156,161,180,201,210,209,204,192,182,197,197,196,196,196,196,196,196,188,188,187,185,183,182,181,180,175,175,176,177,178,179,180,181,174,173,172,171,170,169,168,167,168,167,166,165,164,163,162,162,161,161,160,159,158,156,155,155,155,154,154,153,152,151,151,150,149
148,148,149,149,150,150,150,150,150,151,151,153,154,155,156,156,157,157,158,159,160,160,161,161,165,165,167,168,170,171,172,173,167,184,186,171,172,189,193,179,182,183,185,187,189,190,190,190,189,192,196,199,201,200,199,197,204,204,205,205,206,207,207,207,202,187,202,220,218,214,178,111,80,89,42,76,80,42,87,58,57,80,87,61,51,47,33,43,41,33,24,21,23,27,27,26,27,26,26,26,25,25,24,24,21,21,22,23,25,27,29,31,26,27,28,28,27,24,22,20,18,19,20,22,24,25,25,25,17,23,25,22,22,28,34,36,26,35,39,19,71,57,45,24,28,30,20,31,48,20,95,40,55,50,60,46,55,41,117,181,204,184,171,180,197,204,200,194,193,193,193,194,195,196,196,196,190,189,187,185,183,181,179,179,176,175,174,173,174,176,179,181,173,173,172,171,169,168,167,167,167,166,166,164,163,162,161,161,161,160,159,158,157,156,155,155,154,154,153,152,152,151,150,150,149
148,148,149,149,150,150,150,150,150,150,151,152,153,155,155,156,156,157,157,158,159,160,160,161,164,165,166,168,169,171,172,173,189,170,169,190,196,179,170,177,193,189,185,181,180,183,186,189,187,190,194,198,199,199,197,195,204,204,203,203,202,201,201,201,221,204,207,200,195,218,162,29,44,88,75,117,58,57,67,61,56,71,89,76,61,54,46,58,50,41,30,24,24,25,24,22,26,25,25,24,24,23,23,23,17,20,24,28,28,26,22,19,18,20,22,24,24,22,19,16,23,23,22,22,22,23,23,24,18,19,22,25,24,25,34,45,29,44,44,27,60,61,48,27,28,22,33,18,39,49,65,86,69,61,53,18,60,68,167,174,205,202,200,197,189,187,200,217,194,194,193,192,192,191,190,190,191,190,188,186,183,180,178,177,173,174,175,176,176,175,174,173,173,172,171,170,169,168,167,167,166,166,165,164,162,161,160,160,160,160,159,158,157,156,155,154,154,153,153,152,151,151,150,150,148
148,148,149,149,150,150,150,150,150,150,151,152,153,154,155,156,156,156,157,158,159,159,160,160,164,165,166,168,169,171,172,173,169,179,181,174,173,182,189,189,176,179,183,187,189,190,189,188,193,192,190,190,191,195,199,202,204,204,203,201,199,198,196,196,202,216,198,195,219,187,93,27,41,46,102,94,75,59,74,72,52,63,90,86,66,57,57,73,62,52,39,31,28,26,23,20,24,24,23,23,23,22,22,22,27,26,23,21,20,22,24,25,21,24,27,30,30,28,25,23,29,28,25,21,19,17,16,15,24,21,24,32,31,27,38,55,32,50,47,34,52,63,50,29,22,27,16,28,28,68,71,97,84,45,45,50,43,148,127,167,192,189,188,188,188,187,187,189,198,196,194,192,189,186,184,183,192,191,189,186,183,180,178,177,168,172,178,182,181,176,169,164,173,172,171,170,169,168,167,166,166,165,164,163,162,161,160,160,160,160,159,158,157,155,155,154,154,153,153,152,151,150,150,149,148
149,149,149,149,149,149,149,149,151,151,151,152,152,152,153,153,154,155,156,157,158,159,160,160,159,160,163,166,169,173,175,176,175,172,170,172,177,179,177,173,177,177,178,179,181,182,183,183,186,187,188,189,191,193,194,194,196,196,197,198,199,199,200,200,206,200,197,193,212,167,69,86,31,75,74,109,45,64,105,64,51,58,78,93,84,66,62,68,64,70,48,38,24,37,27,24,29,28,27,26,24,22,21,21,24,24,24,24,24,24,24,24,25,25,24,24,23,22,21,21,22,22,22,22,22,22,22,22,22,22,23,26,32,39,47,51,46,48,29,25,43,81,27,54,25,18,29,47,58,71,70,51,101,30,30,68,126,121,173,201,187,184,200,94,177,195,183,196,189,191,192,189,183,180,181,183,175,180,185,185,182,181,183,186,187,175,169,174,177,172,169,172,170,170,170,170,170,170,170,170,161,163,164,160,155,156,164,171,158,158,157,157,156,155,155,154,150,150,150,150,149,149,148,148,148
149,149,149,149,149,149,149,149,150,151,151,151,152,152,152,153,154,155,155,157,158,159,160,160,159,160,163,165,169,172,174,175,169,173,176,175,172,171,175,179,176,177,178,179,180,181,182,183,185,186,187,189,190,192,193,194,195,196,196,197,198,199,199,199,208,206,194,214,186,55,34,30,115,59,45,126,80,36,55,97,61,59,66,82,88,76,72,84,70,76,64,49,35,37,30,25,31,30,29,27,26,24,23,22,25,25,25,25,25,25,25,25,26,25,25,24,23,22,22,22,23,23,23,23,23,23,23,23,25,25,26,28,33,40,47,51,52,44,24,23,41,73,26,61,23,39,56,56,47,50,58,57,59,92,48,121,134,83,203,208,191,203,151,85,103,178,193,207,195,188,183,184,190,191,186,179,176,177,180,186,191,189,181,174,176,183,182,170,164,170,175,174,169,169,169,169,169,169,169,169,167,164,160,158,159,161,162,163,158,158,157,156,156,155,154,154,150,150,150,150,149,149,148,148,148
149,149,149,149,149,149,149,149,150,150,151,151,151,152,152,152,154,154,155,156,157,159,159,160,159,160,162,165,167,170,172,173,167,171,175,174,171,170,173,178,175,176,177,178,179,180,181,182,184,185,186,187,189,190,192,192,194,194,195,196,196,197,198,198,203,193,195,203,147,9,45,35,80,107,54,90,84,58,51,50,94,80,62,66,79,65,54,70,73,79,82,64,50,38,36,29,34,33,32,30,29,27,26,25,29,28,28,27,27,26,26,26,27,26,26,25,24,24,23,23,24,24,24,24,24,24,24,24,29,29,30,32,36,41,46,49,51,36,21,22,40,69,30,69,41,60,64,50,38,36,46,61,35,113,103,132,117,116,181,187,201,174,73,70,78,169,195,178,187,188,189,189,188,188,189,190,187,181,176,176,180,184,183,181,165,179,186,180,174,174,170,163,168,168,168,168,168,168,168,168,174,166,158,157,162,164,160,154,157,157,156,156,155,154,153,153,150,150,150,150,149,149,148,148,148
149,149,149,149,149,149,149,149,150,150,150,151,151,151,152,152,153,154,155,156,157,158,159,159,160,160,162,164,166,168,169,170,172,168,166,168,173,175,173,170,174,174,175,176,178,179,180,180,182,183,184,186,187,189,190,191,192,192,193,194,195,195,196,196,196,202,187,182,66,39,16,31,36,104,86,66,93,85,37,42,52,77,86,83,71,38,36,75,67,72,91,75,62,40,45,36,38,37,36,34,33,31,30,29,33,33,32,30,29,28,27,27,28,28,27,26,26,25,24,24,26,26,26,26,26,26,26,26,32,32,34,36,39,42,44,46,34,27,26,23,44,76,41,70,56,58,49,44,48,40,37,52,76,125,130,115,117,191,176,177,182,118,68,80,88,118,184,190,181,187,191,190,186,185,190,196,187,186,181,174,169,172,182,191,176,170,172,183,185,174,164,162,167,167,167,167,167,167,167,167,173,168,162,161,161,160,156,153,156,156,156,155,154,153,153,152,150,150,150,150,149,149,148,148,148
149,149,149,149,149,149,149,149,149,149,150,150,150,151,151,151,153,153,154,155,156,158,159,159,160,161,161,163,164,165,166,167,170,166,164,166,171,173,171,168,173,173,174,175,176,177,178,179,180,181,182,184,185,187,188,189,190,191,191,192,193,193,194,194,194,198,210,126,70,39,17,14,52,56,137,66,84,83,52,67,35,61,75,89,101,74,42,46,57,60,86,81,68,46,52,44,42,41,40,39,37,36,34,34,38,37,36,34,32,30,28,28,30,29,29,28,27,26,26,25,28,28,28,28,28,28,28,28,33,34,36,38,39,40,40,40,13,22,38,29,51,88,55,65,47,45,40,49,55,40,37,58,107,129,77,120,148,186,198,184,149,65,62,60,77,77,153,196,187,183,180,183,190,193,190,185,179,183,185,182,176,174,176,180,191,175,165,167,170,168,170,176,166,166,166,166,166,166,166,166,166,168,169,166,159,155,155,156,155,155,155,154,153,152,152,151,150,150,150,150,149,149,148,148,148
149,149,149,149,149,149,149,149,149,149,149,150,150,150,151,151,152,153,154,155,156,157,158,159,160,161,161,162,162,163,163,163,162,166,169,169,165,164,168,172,171,172,173,174,175,176,177,177,178,179,180,182,183,185,186,187,188,189,189,190,191,192,192,193,190,188,183,86,83,12,44,30,39,78,82,142,22,86,73,52,58,59,51,68,110,116,76,43,57,53,77,85,69,53,57,48,46,45,44,43,41,40,38,38,42,41,39,37,34,32,30,29,31,31,30,29,28,28,27,27,30,30,30,30,30,30,30,30,33,34,36,38,38,36,34,33,10,26,52,36,57,93,61,59,44,44,43,42,35,32,56,94,86,89,63,157,188,159,181,182,110,59,63,57,66,87,120,178,183,182,181,182,184,184,184,183,187,182,177,176,179,179,175,171,177,182,179,166,160,167,174,174,164,164,164,164,164,164,164,164,160,166,171,168,160,154,156,159,155,154,154,153,152,151,151,150,150,150,150,150,149,149,148,148,148
149,149,149,149,149,149,149,149,148,149,149,149,150,150,150,151,152,152,153,154,156,157,158,158,161,161,161,161,161,161,161,161,160,164,168,167,164,163,167,171,170,171,172,173,174,175,176,176,177,178,179,180,182,184,185,185,187,187,188,189,190,190,191,191,190,190,100,103,21,23,20,37,43,49,64,118,111,25,78,46,37,63,70,62,74,98,105,96,68,57,72,91,69,62,58,48,49,49,47,46,44,43,41,41,45,44,42,39,36,33,31,29,32,32,31,30,29,29,28,28,31,31,31,31,31,31,31,31,31,33,35,36,35,32,29,26,28,35,62,42,58,86,58,58,52,49,43,32,27,48,84,106,59,78,132,178,201,175,163,143,68,95,104,96,70,87,95,183,177,182,186,183,175,171,175,181,190,183,176,174,175,177,175,172,166,178,183,176,170,171,169,164,163,163,163,163,163,163,163,163,159,162,165,166,164,161,159,158,154,154,153,152,151,151,150,150,150,150,150,150,149,149,148,148,148
149,149,149,149,149,149,149,149,148,148,149,149,149,150,150,150,152,152,153,154,156,157,158,158,161,161,161,160,160,160,160,160,166,162,160,162,167,170,167,164,170,170,171,172,173,174,175,176,176,177,178,180,181,183,184,185,186,187,187,188,189,190,190,190,197,156,99,96,36,41,37,39,39,53,76,78,136,92,29,80,47,72,78,61,63,91,95,71,79,64,70,96,69,67,58,47,51,50,49,48,46,44,43,43,47,46,43,40,37,34,31,30,32,32,32,31,30,29,29,28,32,32,32,32,32,32,32,32,30,32,34,35,34,30,25,22,48,44,67,46,58,76,52,59,52,46,42,37,48,85,99,79,38,109,171,152,171,175,169,78,59,100,85,83,75,79,70,152,184,180,176,176,177,177,172,168,174,181,188,188,181,173,168,166,180,171,168,176,178,171,165,166,163,163,163,163,163,163,163,163,160,158,158,163,169,169,162,155,154,153,153,152,151,150,150,149,150,150,150,150,149,149,148,148,148
149,149,149,149,149,149,149,149,148,148,149,149,150,150,150,150,153,153,153,154,154,155,155,155,156,157,157,158,159,160,160,161,162,163,163,164,165,165,166,166,167,167,168,169,170,171,172,173,177,177,178,179,179,180,181,181,182,173,190,183,180,191,185,199,191,82,119,66,36,20,54,23,57,56,57,89,106,133,87,22,40,48,76,83,73,65,91,90,49,64,87,89,80,60,59,64,66,59,62,47,55,44,51,47,53,47,56,57,42,39,49,49,50,39,35,38,36,29,30,40,37,39,41,42,40,37,32,30,24,39,33,25,18,23,45,47,59,61,69,56,59,64,49,61,54,27,43,32,88,115,63,23,86,161,186,153,171,161,105,41,67,64,62,63,69,80,92,99,187,162,177,168,183,179,172,183,173,173,173,173,173,173,173,173,168,170,173,176,175,172,168,165,167,166,165,164,162,161,159,159,159,159,159,159,159,159,159,159,153,152,152,151,150,149,149,148,148,148,148,148,148,148,148,148,149
149,149,149,149,149,149,149,149,148,148,149,149,150,150,150,150,153,153,153,153,154,154,155,155,156,156,157,158,159,159,160,160,162,162,163,163,164,165,165,166,166,167,168,169,170,171,172,173,176,176,177,178,179,179,180,180,184,189,177,181,195,186,186,203,132,120,99,62,61,30,29,40,39,55,62,78,90,131,112,66,44,34,73,83,67,63,62,78,70,53,51,92,85,70,51,69,72,64,64,49,54,44,51,49,52,51,57,55,42,47,57,54,49,44,40,40,39,37,39,44,35,39,42,40,34,31,33,37,47,22,1,26,51,53,60,60,62,59,59,47,58,66,44,42,43,59,21,81,105,78,36,53,149,179,163,149,149,140,36,53,61,60,60,63,69,78,86,92,161,173,171,175,175,172,172,176,173,173,173,173,173,173,173,173,170,171,172,173,172,171,169,168,167,166,165,164,162,160,159,159,158,158,158,158,158,158,158,158,153,152,152,151,150,149,149,148,148,148,148,148,148,148,148,148,149
149,149,149,149,149,149,149,149,148,148,149,149,150,150,150,150,152,152,152,153,153,154,154,154,155,156,156,157,158,159,159,160,161,161,162,162,163,164,164,165,166,167,167,169,170,171,172,172,175,175,176,176,177,178,179,179,183,190,171,181,189,184,191,165,75,139,89,72,74,36,22,48,28,48,62,74,81,119,132,124,38,53,14,81,71,57,46,83,85,45,43,49,88,70,73,66,81,72,67,51,52,45,51,51,50,56,60,51,45,58,68,60,47,49,48,43,44,49,51,49,42,41,39,36,33,30,29,29,4,22,31,47,56,55,60,51,56,64,67,53,53,52,37,42,41,27,86,100,87,37,27,146,173,166,139,137,152,55,51,60,55,56,60,65,71,76,80,83,126,178,169,179,166,166,171,169,171,171,171,171,171,171,171,171,172,171,169,168,167,168,169,170,167,166,165,163,162,160,159,158,157,157,157,157,157,157,157,157,153,152,152,151,150,149,149,148,148,148,148,148,148,148,148,148,149
149,149,149,149,149,149,149,149,148,148,149,149,150,150,150,150,151,151,152,152,152,153,153,153,155,155,155,156,157,158,158,159,159,160,160,161,162,163,163,163,166,166,167,168,169,171,171,172,173,173,174,175,176,176,177,177,176,174,179,182,171,187,176,92,62,119,110,85,67,32,39,40,37,42,57,79,87,102,129,156,138,24,50,37,61,44,54,41,67,71,35,36,37,95,83,66,86,78,68,55,51,47,51,52,48,60,62,50,51,69,76,66,46,54,54,47,48,58,59,53,44,45,43,35,25,22,27,33,53,82,95,105,109,106,99,73,58,66,69,63,55,41,35,50,42,65,114,90,36,25,124,170,164,153,134,162,84,26,55,47,53,57,64,70,75,78,78,78,99,165,178,176,165,166,168,168,169,169,169,169,169,169,169,169,174,171,167,164,163,166,169,172,166,166,164,163,161,160,158,158,156,156,156,156,156,156,156,156,153,152,152,151,150,149,149,148,148,148,148,148,148,148,148,148,149
149,149,149,149,149,149,149,149,148,148,149,149,150,150,150,150,150,150,151,151,151,152,152,152,154,154,154,155,156,157,157,158,158,158,159,159,160,161,162,162,165,166,166,168,169,170,171,171,171,171,172,173,174,174,175,175,172,173,187,178,181,183,119,48,76,102,144,81,70,32,45,35,47,47,60,78,92,96,118,145,159,135,40,32,40,46,50,33,48,56,63,21,50,66,90,65,85,79,67,59,51,50,49,52,46,61,62,53,59,76,77,66,46,55,56,50,51,60,60,52,39,44,43,31,18,23,47,71,69,69,66,80,75,57,65,74,65,59,49,57,60,41,37,51,76,119,93,47,20,114,179,130,144,121,159,115,32,48,38,47,56,61,68,75,80,80,79,77,86,133,181,167,170,171,166,172,168,168,168,168,168,168,168,168,172,169,165,162,162,164,168,170,166,165,164,162,161,159,158,157,154,154,154,154,154,154,154,154,153,152,152,151,150,149,149,148,148,148,148,148,148,148,148,148,149
149,149,149,149,149,149,149,149,148,148,149,149,150,150,150,150,149,149,150,150,150,151,151,151,153,153,154,154,155,156,157,157,156,157,157,158,159,160,160,161,165,165,166,167,168,170,170,171,169,170,170,171,172,173,173,173,174,186,185,174,195,152,57,55,90,109,161,74,92,48,31,39,46,57,66,65,88,98,111,116,136,166,140,38,35,46,31,66,36,46,44,69,50,61,54,71,76,75,65,64,52,54,47,49,44,59,61,58,70,79,71,62,47,52,54,52,52,55,53,48,45,36,26,28,43,66,86,97,83,87,77,76,68,62,80,88,54,56,45,52,52,35,46,67,107,91,60,25,79,174,157,127,128,123,125,36,41,46,44,48,60,64,70,75,79,80,79,78,79,96,160,161,172,170,165,173,166,166,166,166,166,166,166,166,168,167,165,164,163,164,165,166,165,165,163,162,160,159,158,157,153,153,153,153,153,153,153,153,153,152,152,151,150,149,149,148,148,148,148,148,148,148,148,148,149
149,149,149,149,149,149,149,149,148,148,149,149,150,150,150,150,149,149,149,149,150,150,150,151,152,152,153,154,154,155,156,156,155,156,156,157,158,159,159,160,164,165,166,167,168,169,170,171,168,168,169,170,170,171,172,172,180,183,178,175,159,95,48,70,100,117,155,95,103,71,28,37,41,55,62,53,83,94,106,106,134,158,163,155,35,31,54,33,42,33,49,54,68,48,55,60,65,69,61,67,54,57,45,46,43,56,59,65,80,77,61,55,49,47,49,53,52,46,42,43,44,35,36,59,92,111,107,94,89,85,63,65,86,98,83,41,46,68,59,52,46,43,71,91,86,66,30,70,153,125,157,132,138,141,43,36,33,40,34,42,61,63,67,70,73,75,76,76,71,69,117,161,169,164,167,168,164,164,164,164,164,164,164,164,163,164,166,166,166,164,163,161,165,164,163,162,160,158,157,157,152,152,152,152,152,152,152,152,153,152,152,151,150,149,149,148,148,148,148,148,148,148,148,148,149
149,149,149,149,149,149,149,149,148,148,149,149,150,150,150,150,148,148,149,149,149,150,150,150,152,152,153,153,154,155,155,156,155,155,156,157,157,158,159,159,164,165,166,167,168,169,170,170,167,168,168,169,170,170,171,171,183,166,175,180,100,48,75,69,108,113,145,128,99,87,40,28,39,44,52,50,83,85,101,114,123,135,147,139,153,66,14,38,45,51,41,36,44,68,64,48,58,64,59,69,55,59,44,44,43,53,57,70,86,76,54,51,50,43,45,53,51,39,34,39,25,45,76,108,125,121,103,86,98,89,80,98,106,87,71,51,56,83,63,49,55,72,100,101,71,41,52,115,121,133,130,125,147,72,27,25,49,37,46,59,60,61,63,65,68,70,73,74,65,57,81,164,165,156,169,163,164,164,164,164,164,164,164,164,160,163,166,168,168,165,161,158,165,164,163,161,160,158,157,156,151,151,151,151,151,151,151,151,153,152,152,151,150,149,149,148,148,148,148,148,148,148,148,148,149
149,149,149,149,149,149,149,149,149,149,149,149,149,149,149,149,149,149,149,149,149,149,149,149,153,153,153,154,154,155,155,155,155,156,157,158,159,160,161,162,162,163,163,164,165,165,166,166,171,169,170,164,159,170,180,174,178,172,180,121,57,57,66,75,122,149,157,160,75,82,52,29,46,43,45,57,75,90,97,98,115,128,160,159,181,182,81,11,34,41,49,35,42,56,46,55,51,41,51,60,71,73,52,44,47,41,52,85,74,73,57,47,35,34,56,68,43,20,24,33,77,104,146,119,119,111,118,76,106,87,121,111,70,57,82,55,40,66,55,43,79,104,88,72,31,51,94,84,100,143,113,158,83,50,25,28,41,44,43,43,55,60,68,73,74,71,65,60,54,55,67,108,157,172,165,165,162,162,161,161,161,160,160,160,155,158,162,165,167,165,163,161,158,152,155,183,163,156,154,156,153,153,152,152,152,151,151,151,149,149,149,149,149,149,149,149,147,147,148,148,148,149,149,149,149
149,149,149,149,149,149,149,149,149,149,149,149,149,149,149,149,149,149,149,149,149,149,149,149,153,153,153,153,154,154,155,155,155,156,156,158,159,160,161,161,162,162,163,163,164,165,165,166,169,166,165,165,166,171,171,165,167,176,139,80,53,62,73,65,127,156,148,170,85,92,55,34,41,41,45,56,70,84,93,97,106,140,132,176,174,181,175,110,9,30,37,58,34,34,75,31,54,45,53,58,69,73,55,49,39,35,60,85,85,65,45,23,38,40,46,40,22,29,73,115,132,128,141,124,126,113,108,73,116,131,115,69,59,63,66,56,55,71,61,62,99,109,70,39,46,87,86,114,88,150,142,97,46,34,30,38,43,40,42,48,53,57,63,66,66,62,56,52,51,54,60,90,140,167,165,160,161,161,161,161,160,160,160,159,155,157,161,164,166,165,163,161,160,152,157,170,170,156,156,153,153,152,152,152,151,151,151,150,149,149,149,149,149,149,149,149,147,147,148,148,148,149,149,149,149
149,149,149,149,149,149,149,149,149,149,149,149,149,149,149,149,149,149,149,149,149,149,149,149,152,152,152,153,153,154,154,154,154,155,156,157,158,159,160,161,161,161,162,162,163,164,164,165,166,162,160,165,172,170,164,163,165,161,85,48,61,67,77,68,135,153,146,166,115,94,68,37,34,39,46,54,63,74,86,95,107,121,134,171,144,179,200,186,121,21,24,40,41,51,37,54,57,50,56,57,66,74,59,55,31,40,75,80,75,43,41,31,38,56,45,25,49,103,127,121,142,129,131,130,123,110,114,113,139,131,88,62,59,60,52,63,64,66,76,104,114,73,41,52,76,90,105,109,89,158,103,49,32,29,31,34,34,34,43,54,53,55,57,58,55,51,45,42,47,54,53,70,116,153,160,158,161,161,160,160,160,159,159,159,155,157,160,163,164,164,163,162,162,154,159,156,177,161,157,150,152,152,152,151,151,151,150,150,149,149,149,149,149,149,149,149,147,147,148,148,148,149,149,149,149
149,149,149,149,149,149,149,149,149,149,149,149,149,149,149,149,149,149,149,149,149,149,149,149,151,151,152,152,152,153,153,153,153,154,155,156,157,158,159,160,159,160,160,161,162,163,163,163,161,161,160,164,171,168,166,174,166,117,52,52,76,70,74,84,137,140,151,147,151,90,84,38,28,36,46,51,56,65,80,91,99,114,140,161,142,160,181,196,204,122,15,7,44,41,42,52,58,54,59,55,62,73,63,59,28,47,77,74,60,35,39,42,40,32,40,86,133,134,125,137,124,119,122,129,117,110,121,143,141,101,73,80,58,66,63,57,53,80,108,116,83,36,42,96,83,82,108,89,111,114,38,33,37,35,34,35,35,37,42,47,56,56,54,52,48,44,39,37,46,54,52,62,96,129,149,164,160,160,159,159,159,158,158,158,156,157,159,160,161,162,162,162,162,159,158,149,173,171,155,149,152,152,151,151,151,150,150,150,149,149,149,149,149,149,149,149,147,147,148,148,148,149,149,149,149
149,149,149,149,149,149,149,149,149,149,149,149,149,149,149,149,149,149,149,149,149,149,149,149,150,150,151,151,151,152,152,152,153,153,154,155,156,157,158,159,158,158,159,159,160,161,162,162,159,162,164,164,163,165,173,181,142,68,49,66,74,73,71,90,126,130,146,141,165,104,89,47,27,35,44,49,53,61,75,86,84,139,127,159,176,136,189,188,176,198,117,25,12,38,50,31,55,55,63,54,59,73,64,58,29,54,67,69,46,37,31,40,62,114,140,133,137,143,132,121,141,136,129,127,119,111,110,120,123,103,80,75,55,80,74,49,61,111,121,73,36,45,75,98,71,92,83,100,106,47,30,27,27,37,46,49,49,47,46,45,62,59,54,49,45,41,39,39,46,53,55,64,83,103,132,167,159,159,158,158,158,157,157,157,157,157,157,158,159,160,162,163,160,164,157,150,161,181,153,149,151,151,151,150,150,150,149,149,149,149,149,149,149,149,149,149,147,147,148,148,148,149,149,149,149
149,149,149,149,149,149,149,149,149,149,149,149,149,149,149,149,149,149,149,149,149,149,149,149,149,149,150,150,150,151,151,151,152,152,153,154,155,157,157,158,156,157,157,158,159,160,160,161,160,161,168,164,156,165,172,159,96,47,60,67,62,77,75,82,109,130,137,151,158,137,86,64,30,35,41,47,53,63,73,81,91,133,138,140,178,143,170,185,184,185,206,127,44,34,23,41,47,54,65,54,57,71,61,54,36,66,63,51,19,30,47,82,140,154,170,182,180,165,157,165,156,156,147,127,120,103,99,104,119,113,80,67,70,69,60,75,107,109,81,42,40,71,86,78,77,81,90,107,55,41,37,31,23,40,52,50,46,50,59,65,64,59,53,46,42,41,41,43,44,51,55,64,76,86,114,152,158,158,158,157,157,156,156,156,157,156,155,155,156,159,162,164,158,165,163,151,149,184,155,150,151,151,150,150,150,149,149,149,149,149,149,149,149,149,149,149,147,147,148,148,148,149,149,149,149
149,149,149,149,149,149,149,149,149,149,149,149,149,149,149,149,149,149,149,149,149,149,149,149,149,149,149,149,150,150,150,151,151,151,152,153,155,156,157,157,155,156,156,157,158,159,159,160,163,158,168,165,153,168,161,112,60,61,67,64,66,80,85,83,97,129,143,156,157,165,90,83,36,35,37,45,56,67,74,77,100,111,155,132,153,159,151,182,198,180,167,203,147,40,34,38,38,51,66,55,55,69,58,47,50,66,51,26,24,57,106,153,200,197,184,165,160,167,153,122,151,144,135,111,121,101,105,111,116,94,81,78,77,56,69,103,120,73,43,55,75,78,76,78,86,77,99,73,28,54,36,35,36,47,50,41,39,51,64,69,61,56,48,41,38,39,42,45,41,49,50,55,70,83,99,121,157,157,157,157,156,156,155,155,158,156,154,153,155,158,162,164,157,160,175,148,144,178,162,151,151,150,150,150,149,149,149,148,149,149,149,149,149,149,149,149,147,147,148,148,148,149,149,149,149
149,149,149,149,149,149,149,149,149,149,149,149,149,149,149,149,149,149,149,149,149,149,149,149,148,148,149,149,149,150,150,150,151,151,152,153,154,155,156,157,155,155,156,157,157,158,159,159,167,155,166,165,154,171,149,71,49,82,66,67,83,82,93,95,92,124,158,151,167,175,100,94,40,36,35,44,58,70,75,74,90,119,141,153,151,156,183,183,163,155,154,171,192,128,31,22,32,49,66,55,55,68,55,42,64,51,27,11,68,119,167,188,151,124,125,138,126,120,144,171,152,119,98,82,127,113,112,106,97,70,97,89,60,64,111,101,84,51,45,74,88,79,78,87,79,106,74,33,49,29,46,28,48,51,48,42,47,57,55,43,58,52,44,37,34,36,41,45,38,47,44,45,67,86,91,94,157,157,157,156,156,155,155,155,158,156,154,152,154,157,161,164,157,156,186,145,143,171,168,150,150,150,150,149,149,149,148,148,149,149,149,149,149,149,149,149,147,147,148,148,148,149,149,149,149
149,149,149,149,149,149,149,149,148,148,148,148,148,148,148,148,148,148,148,148,148,148,148,148,148,148,148,148,148,148,148,148,152,152,152,153,153,153,154,154,155,155,156,156,156,157,157,157,159,147,167,150,154,175,76,54,67,68,71,74,78,83,87,89,99,106,141,157,175,170,145,92,82,23,45,40,50,64,73,87,87,100,134,171,174,155,157,177,180,171,182,177,169,203,132,54,36,47,51,60,41,54,60,67,47,34,45,92,145,193,204,166,128,132,129,118,150,192,158,102,90,107,107,105,112,103,94,105,91,87,88,83,69,96,104,78,33,54,77,86,82,79,84,92,92,64,42,44,43,37,36,46,43,44,46,48,52,55,57,59,57,52,44,37,34,35,38,41,38,43,50,58,63,66,67,66,92,134,156,155,161,163,156,155,154,154,154,154,154,154,154,154,156,160,163,176,149,150,186,147,148,148,148,148,148,148,148,148,149,149,149,149,149,149,149,149,149,149,149,149,149,149,149,149,149
149,149,149,149,149,149,149,149,148,148,148,148,148,148,148,148,148,148,148,148,148,148,148,148,148,148,148,148,148,148,148,148,152,152,152,152,153,153,154,154,155,155,155,156,156,157,157,157,161,162,168,159,173,91,59,64,64,71,79,84,85,85,86,87,96,97,127,143,165,169,148,90,82,40,46,44,52,67,74,84,87,92,115,146,159,154,155,164,173,164,157,152,188,187,201,134,59,36,61,63,37,63,67,35,23,59,102,159,207,216,206,200,138,120,144,183,165,117,84,112,122,100,107,114,98,107,118,97,77,90,86,70,115,111,78,40,61,71,81,84,80,79,85,91,73,49,38,30,48,42,46,40,49,51,53,56,57,58,58,58,51,47,40,35,33,35,39,42,41,45,51,57,61,63,63,63,63,104,136,149,157,152,147,153,154,154,154,154,154,154,154,154,157,159,158,171,151,149,182,156,148,148,148,148,148,148,148,148,149,149,149,149,149,149,149,149,149,149,149,149,149,149,149,149,149
149,149,149,149,149,149,149,149,148,148,148,148,148,148,148,148,148,148,148,148,148,148,148,148,148,148,148,148,148,148,148,148,151,151,152,152,153,153,153,153,155,155,155,155,156,156,157,157,165,165,154,174,131,54,45,69,80,76,74,79,89,95,95,92,103,100,130,146,164,171,164,118,80,60,45,48,52,70,76,81,93,92,100,120,144,158,160,156,157,165,156,179,169,160,191,204,127,38,43,50,61,50,46,14,87,102,147,168,144,139,165,183,167,185,167,125,103,138,113,83,117,117,111,110,113,107,95,91,85,90,70,103,105,92,42,51,80,82,83,82,81,78,76,76,58,53,46,42,45,48,46,41,51,53,56,58,57,54,50,48,43,40,36,33,33,36,40,43,45,48,51,55,57,58,58,58,59,93,129,153,163,155,150,158,153,153,153,153,153,153,153,153,156,157,150,163,154,148,175,169,148,148,148,148,148,148,148,148,149,149,149,149,149,149,149,149,149,149,149,149,149,149,149,149,149
149,149,149,149,149,149,149,149,148,148,148,148,148,148,148,148,148,148,148,148,148,148,148,148,148,148,148,148,148,148,148,148,151,151,151,152,152,152,153,153,154,154,155,155,155,156,156,156,160,149,161,148,62,59,57,71,77,79,84,91,97,102,103,102,99,94,126,145,156,155,164,148,78,73,41,47,50,72,78,81,101,102,102,110,135,161,168,161,160,159,182,199,157,148,145,218,199,123,20,48,19,49,40,75,111,152,160,147,154,136,127,179,183,140,108,124,127,135,103,105,91,113,110,106,116,103,88,102,98,78,113,102,79,34,63,73,79,78,78,82,84,79,67,57,58,71,64,75,44,49,37,50,49,51,53,53,50,44,38,33,35,34,32,31,33,37,41,44,49,50,51,52,53,53,53,53,75,96,122,142,156,159,155,153,153,153,153,153,153,153,153,153,155,154,144,156,155,147,167,178,148,148,148,148,148,148,148,148,149,149,149,149,149,149,149,149,149,149,149,149,149,149,149,149,149
149,149,149,149,149,149,149,149,148,148,148,148,148,148,148,148,148,148,148,148,148,148,148,148,148,148,148,148,148,148,148,148,150,150,151,151,152,152,152,152,154,154,154,155,155,155,156,156,151,151,159,81,49,51,75,70,57,80,106,119,116,107,103,104,107,94,117,143,163,154,166,172,87,79,42,44,45,68,78,83,100,108,109,108,124,152,166,163,180,151,165,135,149,148,168,202,145,173,95,82,66,56,65,94,136,133,160,159,153,175,187,191,131,134,133,131,133,159,138,126,101,91,107,114,98,106,124,116,91,112,108,94,31,64,77,78,80,76,74,79,85,83,72,62,66,70,76,84,62,43,39,55,52,53,52,50,46,40,33,30,32,32,32,33,35,39,42,44,50,49,49,48,48,49,49,50,72,82,92,103,124,150,155,142,153,153,153,153,153,153,153,153,153,152,144,151,154,147,161,178,148,148,148,148,148,148,148,148,149,149,149,149,149,149,149,149,149,149,149,149,149,149,149,149,149
149,149,149,149,149,149,149,149,148,148,148,148,148,148,148,148,148,148,148,148,148,148,148,148,148,148,148,148,148,148,148,148,150,150,150,151,151,152,152,152,153,153,154,154,155,155,155,155,153,163,92,48,70,66,68,67,82,90,105,119,125,120,108,97,119,102,107,134,177,170,169,178,115,85,54,43,41,62,75,85,91,104,110,108,115,135,150,153,146,177,180,189,204,205,200,143,135,126,110,104,57,52,116,106,71,126,173,173,187,180,144,162,162,155,152,136,147,163,147,128,124,117,117,120,119,119,116,107,113,107,80,35,73,78,87,82,88,81,75,76,83,88,86,83,75,57,77,68,85,43,52,52,61,59,55,50,45,41,38,36,33,34,35,36,38,41,43,44,48,47,46,44,45,46,49,50,61,65,69,74,96,138,157,146,152,152,152,152,152,152,152,152,150,151,149,150,150,149,157,169,148,148,148,148,148,148,148,148,149,149,149,149,149,149,149,149,149,149,149,149,149,149,149,149,149
149,149,149,149,149,149,149,149,148,148,148,148,148,148,148,148,148,148,148,148,148,148,148,148,148,148,148,148,148,148,148,148,150,150,150,150,151,151,151,152,153,153,153,154,154,155,155,155,153,119,50,64,72,88,66,79,119,111,105,110,119,119,108,95,103,101,94,108,168,169,157,162,157,97,76,48,41,55,69,85,89,99,107,110,115,125,134,138,142,173,155,173,148,172,162,113,91,139,69,98,100,111,42,122,99,100,153,155,138,155,158,168,168,150,147,120,147,151,128,87,130,145,130,123,138,121,92,98,108,82,39,60,85,92,70,91,85,81,77,77,81,86,89,89,86,73,82,74,83,56,56,51,63,58,51,44,39,38,39,41,37,38,39,40,42,42,43,43,46,44,42,41,42,46,49,52,60,59,67,72,83,119,150,153,152,152,152,152,152,152,152,152,147,150,157,152,146,152,156,157,148,148,148,148,148,148,148,148,149,149,149,149,149,149,149,149,149,149,149,149,149,149,149,149,149
149,149,149,149,149,149,149,149,148,148,148,148,148,148,148,148,148,148,148,148,148,148,148,148,148,148,148,148,148,148,148,148,149,150,150,150,151,151,151,151,153,153,153,154,154,154,155,155,141,38,86,82,62,76,85,103,120,127,131,124,110,99,97,100,91,112,103,101,164,171,157,162,186,107,93,53,42,50,64,84,93,98,107,115,122,126,128,129,149,131,177,170,164,150,119,85,143,69,134,95,86,97,123,86,134,99,114,123,144,169,153,159,159,131,140,112,133,116,126,127,132,124,131,130,111,109,116,108,66,43,67,95,93,79,81,70,73,75,78,80,81,81,80,79,97,107,91,100,66,72,50,54,59,53,43,34,30,31,36,39,40,41,42,43,44,43,43,42,43,42,40,39,41,45,50,53,59,57,70,76,73,95,131,147,152,152,152,152,152,152,152,152,146,150,162,153,143,153,155,148,148,148,148,148,148,148,148,148,149,149,149,149,149,149,149,149,149,149,149,149,149,149,149,149,149
149,149,149,149,149,149,149,149,149,149,149,149,149,149,149,149,148,148,148,148,148,148,148,148,149,149,149,149,149,149,149,149,149,149,149,149,149,149,149,149,144,158,133,155,154,152,152,154,84,99,92,72,67,72,81,95,123,126,112,102,107,103,99,109,128,117,127,110,136,153,147,140,160,148,90,66,40,35,57,68,73,82,96,109,118,121,120,119,137,139,160,156,154,135,132,116,112,102,94,133,79,112,91,113,79,123,127,116,153,137,170,158,150,128,124,144,155,144,135,138,133,127,130,116,108,113,106,67,55,72,84,85,84,87,85,78,88,76,67,74,91,103,101,95,63,81,102,117,45,59,61,53,47,43,38,34,33,36,41,44,53,51,47,43,41,41,42,43,39,39,40,41,42,44,45,45,49,54,58,58,60,77,104,127,153,150,148,149,152,154,156,156,154,153,150,148,147,149,151,152,151,150,149,147,147,147,148,148,149,149,149,149,149,149,149,149,149,149,149,149,149,149,149,149,149
149,149,149,149,149,149,149,149,149,149,149,149,149,149,149,149,148,148,148,148,148,148,148,148,149,149,149,149,149,149,149,149,149,149,149,149,149,149,149,149,155,137,162,141,152,156,160,105,77,85,81,73,72,72,83,104,124,125,112,102,106,103,99,108,121,125,134,121,125,159,161,158,158,150,120,88,51,40,59,69,81,85,93,102,111,117,121,122,136,139,136,140,136,121,111,124,70,126,62,144,89,125,101,136,65,124,109,100,138,167,190,174,138,140,149,154,143,118,98,91,105,117,103,128,132,103,51,62,86,82,81,84,86,82,75,69,75,84,94,97,96,98,105,113,76,76,92,109,56,50,52,56,46,42,38,35,36,39,45,48,55,52,47,43,40,39,39,40,38,38,39,40,41,43,43,44,50,56,60,58,59,71,93,112,142,149,149,144,146,155,155,149,154,153,150,148,147,149,151,152,149,149,148,148,147,148,148,148,149,149,149,149,149,149,149,149,149,149,149,149,149,149,149,149,149
149,149,149,149,149,149,149,149,149,149,149,149,149,149,149,149,148,148,148,148,148,148,148,148,149,149,149,149,149,149,149,149,149,149,149,149,149,149,149,149,157,143,160,152,144,163,116,71,69,71,69,71,75,73,84,111,121,121,110,103,105,104,103,110,127,134,138,134,124,176,187,181,151,131,148,95,64,26,50,56,86,87,90,95,102,111,119,123,133,138,123,135,126,112,96,127,97,113,91,147,70,120,74,154,62,139,118,103,90,111,130,157,143,144,136,117,100,95,99,103,99,95,125,116,105,55,65,71,103,88,80,83,83,76,74,78,91,93,97,101,103,101,96,92,84,78,85,88,62,48,49,52,44,42,38,36,38,44,50,54,56,52,47,42,38,36,36,36,36,37,38,39,40,41,42,43,49,54,59,58,58,64,79,92,116,141,153,144,140,150,154,147,154,153,150,148,147,149,151,152,147,147,148,148,149,148,148,148,149,149,149,149,149,149,149,149,149,149,149,149,149,149,149,149,149
149,149,149,149,149,149,149,149,149,149,149,149,149,149,149,149,148,148,148,148,148,148,148,148,149,149,149,149,149,149,149,149,149,149,149,149,149,149,149,149,150,160,146,162,157,126,52,71,63,68,66,67,75,76,85,106,112,110,105,102,105,109,113,118,125,115,116,119,117,163,185,174,166,124,166,111,89,29,50,55,82,83,86,92,99,106,113,117,132,133,134,144,126,111,103,117,118,79,123,125,61,121,96,121,50,141,128,93,52,64,89,138,124,124,119,110,105,107,110,112,107,121,115,104,39,70,86,90,92,86,82,80,76,76,87,100,98,87,79,84,97,99,86,71,83,84,83,61,60,52,53,41,43,41,38,37,40,46,53,58,55,51,46,40,36,34,34,34,36,37,38,39,40,41,42,43,43,49,55,56,56,60,70,78,85,120,149,150,144,148,154,153,154,153,150,148,147,149,151,152,143,145,147,149,150,150,148,147,149,149,149,149,149,149,149,149,149,149,149,149,149,149,149,149,149
149,149,149,149,149,149,149,149,149,149,149,149,149,149,149,149,148,148,148,148,148,148,148,148,149,149,149,149,149,149,149,149,149,149,149,149,149,149,149,149,147,155,154,154,156,58,39,71,62,74,70,64,72,80,85,94,101,98,98,101,105,114,124,128,128,105,109,113,119,139,175,170,176,128,146,136,93,48,37,53,69,73,80,89,97,103,106,108,133,123,146,141,115,102,117,104,96,94,112,100,80,118,123,52,81,136,111,62,57,84,104,122,119,119,121,123,120,115,114,117,124,119,92,41,84,83,90,83,82,86,83,75,73,84,96,102,77,74,71,73,79,85,87,88,82,79,75,49,61,51,51,38,43,40,38,37,40,46,53,58,51,48,43,38,35,33,33,34,38,39,40,41,42,43,44,45,39,43,49,52,55,59,65,71,69,92,122,144,153,155,154,153,154,153,150,148,147,149,151,152,139,142,146,150,151,151,149,147,149,149,149,149,149,149,149,149,149,149,149,149,149,149,149,149,149
149,149,149,149,149,149,149,149,149,149,149,149,149,149,149,149,148,148,148,148,148,148,148,148,149,149,149,149,149,149,149,149,149,149,149,149,149,149,149,149,146,150,153,152,95,36,59,63,65,78,74,65,74,84,85,88,97,92,96,101,104,116,129,131,133,118,124,122,123,119,163,171,169,142,121,163,92,76,27,47,56,61,70,81,90,97,101,103,128,117,141,126,100,88,112,96,80,91,91,79,80,97,77,73,127,104,71,54,80,83,100,123,131,128,124,118,110,110,123,137,128,92,44,69,76,94,74,83,85,87,81,74,78,89,90,81,78,77,74,72,71,75,81,86,81,64,62,54,65,45,45,43,43,40,37,35,37,42,49,53,45,42,39,35,34,34,35,36,42,42,43,44,46,47,48,48,42,44,46,48,52,57,62,65,70,71,86,116,145,158,153,145,154,153,150,148,147,149,151,152,135,139,145,151,153,152,149,147,149,149,149,149,149,149,149,149,149,149,149,149,149,149,149,149,149
149,149,149,149,149,149,149,149,149,149,149,149,149,149,149,149,148,148,148,148,148,148,148,148,149,149,149,149,149,149,149,149,149,149,149,149,149,149,149,149,147,155,141,122,42,54,65,62,68,75,71,70,81,86,86,92,101,93,98,103,101,113,127,126,125,127,118,116,108,104,136,145,164,164,143,181,126,99,49,47,49,52,58,67,78,90,100,106,114,121,129,122,104,84,86,96,68,53,66,57,61,74,58,119,96,58,52,67,85,75,97,137,120,126,127,120,117,121,121,117,99,60,76,83,78,64,89,82,82,82,81,82,85,85,78,70,89,81,73,71,74,73,67,60,70,56,57,58,60,46,46,43,44,40,36,33,33,37,43,46,39,37,35,33,33,35,38,39,46,46,47,48,50,51,52,52,53,51,47,46,48,52,56,58,70,66,66,80,111,139,147,140,154,153,150,148,147,149,151,152,133,138,145,151,154,153,149,147,149,149,149,149,149,149,149,149,149,149,149,149,149,149,149,149,149
149,149,149,149,149,149,149,149,149,149,149,149,149,149,149,149,148,148,148,148,148,148,148,148,149,149,149,149,149,149,149,149,149,149,149,149,149,149,149,149,153,155,144,64,50,59,63,69,71,70,67,75,88,87,86,100,107,97,101,104,99,109,123,120,129,140,112,115,104,112,125,126,149,163,168,170,156,92,66,34,48,47,49,56,68,85,101,111,99,129,123,132,121,90,61,98,69,63,49,45,50,51,96,65,48,59,79,75,73,92,108,114,129,133,122,108,113,127,116,90,40,88,102,92,84,84,75,81,70,73,83,93,89,76,71,76,75,72,70,72,73,69,59,51,56,57,62,56,50,54,53,37,44,40,35,31,31,34,39,42,35,34,32,32,33,36,40,42,48,49,50,51,52,53,54,55,64,58,50,45,45,48,51,52,66,70,64,57,75,114,140,143,154,153,150,148,147,149,151,152,131,136,144,151,154,153,150,147,149,149,149,149,149,149,149,149,149,149,149,149,149,149,149,149,149
149,149,149,149,149,149,149,149,149,149,149,149,149,149,149,149,149,149,149,149,149,149,149,149,149,149,149,149,149,149,149,149,146,157,151,144,152,154,150,155,142,161,74,57,58,57,67,72,71,95,110,100,86,86,91,93,97,96,105,121,128,123,120,123,126,112,102,104,107,111,126,145,162,150,171,174,194,97,94,43,44,51,49,53,67,71,85,113,107,125,135,108,111,113,103,63,62,67,49,57,40,37,33,59,69,78,87,89,86,90,105,119,111,133,133,118,108,109,94,53,85,84,84,82,79,78,77,76,56,88,99,82,78,71,74,84,72,71,69,67,65,63,62,61,59,58,55,52,49,46,44,42,30,31,32,33,34,34,33,33,27,21,20,26,42,52,49,40,48,47,49,53,58,57,50,44,49,49,50,50,50,51,51,51,58,56,68,73,76,76,90,137,147,149,151,146,144,154,156,141,146,146,146,147,147,148,148,148,149,149,149,149,149,149,149,149,149,149,149,149,149,149,149,149,149
149,149,149,149,149,149,149,149,149,149,149,149,149,149,149,149,149,149,149,149,149,149,149,149,149,149,149,149,149,149,149,149,149,152,148,147,151,150,144,143,152,113,53,58,60,65,69,84,114,131,136,118,97,90,91,92,106,105,105,106,112,116,116,113,128,121,118,120,116,112,120,134,156,155,162,167,186,135,89,50,40,45,44,50,63,66,77,102,103,123,118,118,104,109,87,77,96,81,58,31,30,34,50,82,81,88,93,93,95,102,107,108,133,130,131,126,122,75,38,92,83,85,85,83,79,77,77,79,77,93,89,73,75,76,77,82,71,70,69,67,65,63,61,61,59,57,55,52,49,45,43,42,33,33,33,33,32,32,31,30,21,27,31,29,32,39,43,41,61,56,51,50,52,53,49,45,52,52,52,53,53,53,54,54,55,54,64,67,69,68,80,124,148,152,145,143,153,154,146,146,146,146,147,147,147,148,148,148,149,149,149,149,149,149,149,149,149,149,149,149,149,149,149,149,149
149,149,149,149,149,149,149,149,149,149,149,149,149,149,149,149,149,149,149,149,149,149,149,149,149,149,149,149,149,149,149,149,150,149,151,150,145,147,150,147,132,68,45,56,54,73,79,99,121,132,133,117,98,93,99,104,101,111,115,108,105,109,108,101,120,119,123,126,122,115,116,123,142,141,141,161,177,164,91,66,37,40,41,48,58,60,69,88,99,110,113,109,110,86,78,92,111,89,77,27,36,43,58,80,77,84,89,93,103,115,118,113,126,134,123,125,84,48,85,98,88,83,78,79,84,85,80,75,100,98,80,68,73,81,79,79,70,69,68,66,64,62,60,60,58,57,54,51,48,45,42,41,37,36,34,32,30,28,28,27,20,30,38,36,34,40,48,51,65,58,50,48,51,56,57,56,56,56,56,57,57,57,58,58,54,53,61,60,61,59,67,106,127,151,151,144,153,152,144,151,147,147,147,147,148,148,148,149,149,149,149,149,149,149,149,149,149,149,149,149,149,149,149,149,149
149,149,149,149,149,149,149,149,149,149,149,149,149,149,149,149,149,149,149,149,149,149,149,149,149,149,149,149,149,149,149,149,146,151,158,150,137,150,161,151,78,57,57,54,50,72,90,107,117,123,125,116,107,109,122,133,107,117,120,112,103,105,111,114,114,111,112,116,120,119,117,115,130,120,131,161,171,158,115,79,42,40,41,50,57,58,65,78,89,105,104,103,100,77,71,105,109,92,88,38,50,57,55,64,77,81,88,96,105,114,121,126,137,108,124,78,48,101,108,86,85,83,82,82,83,83,82,81,107,100,80,76,72,81,75,75,69,68,66,65,62,61,59,58,57,56,53,50,47,44,42,40,40,38,34,30,27,26,25,25,36,35,39,45,47,46,49,56,55,51,48,52,59,66,69,68,59,59,60,60,61,61,61,61,56,55,61,56,56,55,58,89,89,129,158,154,144,148,154,153,147,147,147,148,148,149,149,149,149,149,149,149,149,149,149,149,149,149,149,149,149,149,149,149,149
149,149,149,149,149,149,149,149,149,149,149,149,149,149,149,149,149,149,149,149,149,149,149,149,149,149,149,149,149,149,149,149,143,151,157,146,140,155,149,115,42,66,63,57,64,68,91,104,117,118,118,114,109,111,125,139,135,123,111,107,108,114,129,144,133,123,111,109,117,123,118,110,130,126,155,168,168,141,155,82,55,45,45,52,56,58,66,74,78,107,91,102,79,83,70,113,114,98,79,41,48,62,54,59,92,96,105,112,110,107,117,131,133,122,61,68,99,98,102,72,75,84,91,88,79,75,83,92,97,96,87,92,73,76,67,71,67,66,65,63,61,59,58,57,56,55,52,49,46,43,41,39,41,37,32,27,24,24,25,26,45,36,39,52,53,42,45,60,53,52,55,62,69,73,70,66,61,61,62,62,63,63,63,63,59,60,64,56,56,56,54,79,66,84,135,161,144,147,162,153,147,148,148,148,149,149,149,150,149,149,149,149,149,149,149,149,149,149,149,149,149,149,149,149,149
149,149,149,149,149,149,149,149,149,149,149,149,149,149,149,149,149,149,149,149,149,149,149,149,149,149,149,149,149,149,149,149,144,149,149,144,150,155,122,72,56,69,61,63,81,66,82,95,106,104,105,107,107,109,122,137,146,124,111,119,133,139,142,147,163,151,130,115,115,121,116,106,132,148,183,177,166,143,180,93,69,51,47,52,53,58,68,72,80,91,102,74,89,68,91,111,114,99,68,47,57,60,58,55,88,105,123,129,124,119,123,129,107,71,83,92,104,103,74,90,84,82,80,82,86,88,87,85,84,89,89,104,71,70,61,68,66,65,64,62,60,58,56,55,55,54,51,48,45,42,40,38,39,35,29,24,23,24,27,29,28,26,37,52,53,47,57,77,65,64,65,70,73,71,63,56,61,61,62,62,62,63,63,63,60,62,65,55,56,58,53,71,65,47,89,146,151,147,156,151,148,148,148,149,149,150,150,150,149,149,149,149,149,149,149,149,149,149,149,149,149,149,149,149,149
149,149,149,149,149,149,149,149,149,149,149,149,149,149,149,149,149,149,149,149,149,149,149,149,149,149,149,149,149,149,149,149,147,148,144,147,157,147,115,87,97,65,71,67,76,70,76,84,92,89,94,105,110,113,125,141,129,128,133,144,153,152,144,137,167,165,150,126,112,113,112,107,117,142,168,180,168,163,171,133,79,54,45,48,46,54,68,71,87,80,102,65,93,65,104,113,112,97,65,54,81,54,68,50,65,101,130,134,134,136,123,101,66,75,92,112,89,78,102,84,89,80,73,79,91,97,90,81,79,82,83,105,68,69,59,67,65,64,63,61,59,57,55,54,54,53,51,48,44,41,39,38,36,32,26,22,21,25,30,33,32,39,46,52,59,68,75,78,76,72,68,69,71,70,65,60,60,60,61,61,61,62,62,62,57,60,63,52,54,58,51,65,59,46,59,106,142,148,146,151,148,148,149,149,149,150,150,150,149,149,149,149,149,149,149,149,149,149,149,149,149,149,149,149,149
149,149,149,149,149,149,149,149,149,149,149,149,149,149,149,149,149,149,149,149,149,149,149,149,149,149,149,149,149,149,149,149,148,149,145,151,157,139,126,137,124,63,90,66,58,74,78,77,73,70,76,89,96,97,107,122,117,139,156,154,147,145,144,141,150,161,156,130,108,105,110,111,97,115,131,180,173,180,149,176,84,55,42,43,40,50,67,69,86,92,69,98,61,92,90,122,119,97,63,50,93,46,79,56,53,102,134,131,133,139,107,56,76,98,92,78,96,94,71,80,75,83,90,88,82,81,88,96,81,78,74,100,64,69,59,67,64,64,62,60,58,56,55,54,54,53,50,47,44,41,39,37,34,30,24,20,21,25,32,36,69,74,67,57,67,85,78,54,77,71,64,63,68,72,74,73,59,59,59,60,60,61,61,61,53,57,60,48,52,57,49,60,46,65,56,68,125,148,140,150,148,149,149,149,150,150,150,151,149,149,149,149,149,149,149,149,149,149,149,149,149,149,149,149,149
149,149,149,149,149,149,149,149,149,149,149,149,149,149,149,149,149,149,149,149,149,149,149,149,149,149,149,149,149,149,149,149,141,149,147,149,151,111,120,117,106,93,90,85,72,73,79,73,82,80,78,84,105,126,128,119,126,144,152,143,129,150,142,144,132,155,149,125,119,117,108,105,101,133,136,125,150,127,137,187,116,77,44,51,40,47,45,75,75,68,77,70,69,105,93,113,113,86,51,58,77,26,64,69,68,101,116,133,126,85,53,77,93,94,90,86,82,84,82,81,84,83,82,81,79,78,76,76,98,94,86,78,71,67,65,64,66,64,61,58,56,54,53,53,42,43,46,47,45,41,37,34,19,19,19,21,25,33,40,44,78,58,44,56,51,66,66,65,64,70,80,63,74,75,88,80,75,74,73,71,70,68,67,66,61,61,60,58,56,55,54,53,54,41,56,61,67,140,153,143,156,154,157,149,134,142,154,147,149,149,149,149,149,149,149,149,149,149,149,149,149,149,149,149,149
149,149,149,149,149,149,149,149,149,149,149,149,149,149,149,149,149,149,149,149,149,149,149,149,149,149,149,149,149,149,149,149,159,149,150,144,123,108,126,121,100,91,83,75,66,66,71,70,79,81,81,85,102,122,127,120,136,139,143,145,141,161,150,154,139,148,142,132,126,111,101,108,106,118,137,146,164,149,156,171,165,83,75,46,59,53,33,66,69,71,75,60,79,91,103,109,110,90,57,56,72,31,71,65,67,80,125,115,85,59,87,93,87,90,93,84,86,85,86,79,83,83,82,80,78,77,76,75,78,76,72,70,69,69,71,72,63,61,59,56,54,52,51,50,44,45,46,46,43,39,34,31,29,28,28,29,32,37,42,46,66,58,53,69,66,83,83,79,71,75,84,71,82,78,80,67,68,67,66,65,63,62,60,60,61,61,59,58,56,55,54,53,50,50,54,52,60,100,148,151,149,145,151,150,140,145,152,145,149,149,149,149,149,149,149,149,149,149,149,149,149,149,149,149,149
149,149,149,149,149,149,149,149,149,149,149,149,149,149,149,149,149,149,149,149,149,149,149,149,149,149,149,149,149,149,149,149,148,140,161,155,109,106,102,83,98,93,79,67,64,64,66,73,75,82,85,87,99,115,124,122,141,134,136,148,149,161,141,142,153,158,153,145,138,123,113,116,107,93,121,144,159,160,169,151,169,102,80,44,53,48,37,51,60,73,64,53,91,73,113,105,108,85,57,63,70,30,61,59,60,116,109,88,60,89,85,97,80,82,95,82,94,84,89,77,82,81,80,79,77,76,74,74,66,65,63,62,63,66,69,71,60,60,58,56,54,51,49,48,47,47,46,44,40,35,30,27,35,34,34,34,36,39,42,44,73,63,59,78,76,88,80,69,67,84,101,89,80,67,70,68,72,72,71,69,67,66,65,64,61,60,59,58,56,54,53,53,45,58,52,42,49,56,130,155,146,139,144,150,148,148,149,145,149,149,149,149,149,149,149,149,149,149,149,149,149,149,149,149,149
149,149,149,149,149,149,149,149,149,149,149,149,149,149,149,149,149,149,149,149,149,149,149,149,149,149,149,149,149,149,149,149,150,147,159,141,99,111,93,90,98,97,79,65,69,68,68,81,73,82,88,88,95,110,120,122,145,143,146,153,150,158,132,126,140,154,152,134,126,126,115,99,119,100,116,132,157,170,185,169,147,148,79,60,33,38,55,36,54,70,44,57,96,59,112,108,107,71,52,73,69,29,51,71,107,114,95,51,101,92,90,85,79,73,92,84,103,79,87,79,80,80,78,77,75,74,73,72,73,70,66,62,59,59,59,60,62,62,62,61,59,55,52,49,50,48,45,41,36,31,27,24,31,31,32,34,37,40,42,44,83,60,51,76,74,77,65,58,71,87,100,92,78,66,69,74,66,65,64,62,61,59,58,57,60,60,59,57,55,54,53,52,42,56,51,41,41,39,95,142,152,144,143,149,151,149,148,148,149,149,149,149,149,149,149,149,149,149,149,149,149,149,149,149,149
149,149,149,149,149,149,149,149,149,149,149,149,149,149,149,149,149,149,149,149,149,149,149,149,149,149,149,149,149,149,149,149,146,160,156,135,120,127,92,103,88,89,74,63,69,69,70,82,74,82,87,87,93,107,117,118,143,150,152,145,137,155,137,131,147,157,158,144,137,139,129,108,112,111,111,114,154,168,181,185,160,174,108,77,38,40,55,32,52,59,25,68,88,58,102,113,103,65,49,69,62,36,77,106,136,84,51,99,88,98,80,88,82,68,87,88,106,74,82,83,78,78,77,75,73,72,71,70,78,75,70,64,60,58,57,58,66,67,68,68,66,61,56,53,49,47,43,38,33,28,26,24,28,30,35,40,44,48,51,53,80,55,50,77,67,63,61,74,86,80,74,79,81,82,77,74,66,65,64,62,61,59,58,57,60,59,58,57,55,53,52,52,43,49,51,48,42,49,58,112,155,153,148,146,149,149,149,152,149,149,149,149,149,149,149,149,149,149,149,149,149,149,149,149,149
149,149,149,149,149,149,149,149,149,149,149,149,149,149,149,149,149,149,149,149,149,149,149,149,149,149,149,149,149,149,149,149,144,158,137,116,119,105,63,70,70,70,64,60,64,66,69,76,77,82,84,84,93,108,115,113,125,133,130,118,113,144,138,136,135,129,134,138,132,124,115,102,93,109,106,103,152,163,167,178,176,148,140,76,57,48,37,42,49,44,23,73,71,68,93,115,96,67,51,62,64,76,117,124,82,68,82,84,111,82,83,80,85,72,85,87,99,74,79,82,77,76,75,73,72,70,69,68,72,70,67,64,63,64,65,67,67,69,72,73,70,65,59,55,47,44,39,34,30,27,27,26,34,38,44,50,56,60,62,63,78,66,68,88,64,55,63,86,81,75,67,78,76,80,76,82,72,72,71,69,67,66,65,64,59,59,58,56,54,53,52,51,47,47,55,58,50,60,39,77,137,153,154,145,146,150,150,152,149,149,149,149,149,149,149,149,149,149,149,149,149,149,149,149,149
149,149,149,149,149,149,149,149,149,149,149,149,149,149,149,149,149,149,149,149,149,149,149,149,149,149,149,149,149,149,149,149,159,136,86,59,68,54,52,54,58,56,60,64,65,70,75,74,81,81,79,81,95,111,114,107,118,116,113,114,117,144,130,126,131,123,131,140,135,131,123,106,98,109,110,109,156,171,173,172,174,148,163,92,62,51,30,50,46,29,31,66,53,82,92,111,94,63,51,72,86,108,116,87,45,101,90,81,90,100,71,84,84,85,87,81,83,80,80,76,75,75,73,72,70,69,67,67,65,64,62,62,63,65,69,71,65,68,71,73,70,64,57,53,43,40,35,31,28,28,29,30,40,44,50,56,60,62,62,61,71,72,77,89,69,71,72,77,66,73,75,88,70,68,67,85,68,67,66,65,63,62,60,60,59,58,57,56,54,53,51,51,50,54,59,63,62,55,42,50,100,141,157,145,146,152,150,148,149,149,149,149,149,149,149,149,149,149,149,149,149,149,149,149,149
149,149,149,149,149,149,149,149,149,149,149,149,149,149,149,149,149,149,149,149,149,149,149,149,149,149,149,149,149,149,149,149,140,98,53,43,55,42,65,51,55,52,64,73,71,77,85,78,83,80,76,79,96,113,113,103,132,123,123,140,148,160,129,117,113,117,127,125,122,132,126,94,100,97,100,103,143,165,173,158,176,198,184,131,58,49,39,48,42,23,44,56,42,91,94,106,95,54,48,92,112,115,85,35,103,91,88,78,74,77,93,97,82,95,91,75,71,85,83,70,74,74,73,71,69,68,67,66,65,64,61,60,60,62,65,66,62,65,69,71,68,62,55,49,40,37,33,29,27,28,30,32,42,45,50,54,56,55,53,52,52,58,63,78,78,99,90,69,64,70,72,92,75,70,60,73,75,74,73,71,70,68,67,66,59,58,57,56,54,52,51,51,52,63,62,64,70,43,53,36,69,128,156,145,147,155,150,143,149,149,149,149,149,149,149,149,149,149,149,149,149,149,149,149,149
149,149,149,149,149,149,149,149,149,149,149,149,149,149,149,149,149,149,149,149,149,149,149,149,146,147,144,160,145,148,141,152,113,60,35,49,55,48,50,55,56,60,66,73,77,79,78,77,74,79,85,88,91,98,108,117,109,119,136,131,133,144,135,130,150,144,145,120,130,114,100,103,117,103,105,101,97,136,168,155,178,158,188,150,71,59,30,43,37,34,33,48,44,61,106,105,72,68,89,121,119,69,53,102,91,93,95,95,92,87,81,77,81,80,80,78,77,76,75,75,68,68,68,67,66,65,65,64,65,68,68,62,56,55,62,69,66,67,69,69,66,57,45,36,39,36,33,30,30,32,35,37,30,62,61,47,59,62,52,55,65,46,56,78,101,62,86,71,68,65,67,71,68,64,74,89,68,68,68,67,66,65,65,64,61,60,58,55,53,50,49,47,53,54,56,57,56,54,51,49,36,81,151,148,152,143,139,155,149,149,149,149,149,149,149,149,148,148,148,148,148,148,148,148,149
149,149,149,149,149,149,149,149,149,149,149,149,149,149,149,149,149,149,149,149,149,149,149,149,153,134,150,150,155,150,159,135,71,53,46,48,47,53,58,52,55,58,64,70,74,75,75,75,74,79,84,87,90,96,107,115,125,120,124,118,123,132,119,115,122,126,130,116,101,95,82,93,96,98,98,104,99,115,149,142,168,164,162,178,98,68,42,60,35,37,40,47,38,64,107,94,72,100,113,100,60,73,117,93,101,99,96,93,90,88,87,86,80,80,79,78,76,75,74,74,68,68,67,66,65,65,64,64,62,65,65,61,57,57,63,70,71,66,63,64,64,57,42,30,34,32,30,29,30,33,37,39,57,73,67,55,58,55,50,57,59,63,52,71,68,68,85,69,58,65,72,72,71,73,78,82,68,68,67,66,65,65,64,64,62,61,59,57,55,52,51,50,51,52,54,55,54,52,48,46,42,61,114,152,149,143,140,150,149,149,149,149,149,149,149,149,148,148,148,148,148,148,148,148,149
149,149,149,149,149,149,149,149,149,149,149,149,149,149,149,149,149,149,149,149,149,149,149,149,154,138,152,143,150,158,152,89,37,43,55,54,45,50,59,54,53,56,60,65,68,70,71,71,73,77,82,85,87,93,103,111,139,119,115,114,122,128,114,113,116,119,125,123,92,95,81,91,90,97,91,97,91,93,131,150,168,183,162,193,136,73,55,51,36,29,40,53,44,69,103,81,105,102,104,67,70,104,99,112,97,93,86,80,77,78,80,82,78,78,77,76,75,73,73,72,67,67,66,65,64,64,63,63,58,60,62,60,59,60,66,70,67,66,64,60,55,46,36,29,27,27,27,28,31,35,39,42,49,59,68,73,74,66,61,66,71,68,59,85,75,62,82,83,72,85,90,82,77,77,73,65,67,67,66,65,64,64,63,63,63,62,61,59,57,55,54,53,47,49,51,52,51,48,45,43,48,40,67,144,149,146,143,146,149,149,149,149,149,149,149,149,148,148,148,148,148,148,148,148,149
149,149,149,149,149,149,149,149,149,149,149,149,149,149,149,149,149,149,149,149,149,149,149,149,149,157,147,147,140,160,109,41,41,41,56,63,50,44,52,57,53,54,57,60,63,65,66,67,71,76,80,82,84,89,99,106,128,108,110,116,124,124,112,118,127,119,126,124,99,102,90,88,90,91,95,93,91,90,114,164,165,189,184,181,168,88,70,35,40,24,41,53,36,59,103,102,112,104,57,87,118,86,92,104,97,94,90,85,82,81,82,83,76,76,75,74,72,71,70,70,66,65,65,64,63,62,62,61,55,56,58,59,61,63,67,69,57,65,68,58,40,29,29,35,22,23,26,29,34,39,43,45,37,50,68,78,77,76,73,69,68,65,78,82,90,53,86,75,97,102,101,92,85,81,74,67,66,65,65,64,63,62,62,61,62,62,61,60,59,58,57,56,45,46,48,49,48,46,43,40,47,35,36,114,153,149,148,146,149,149,149,149,149,149,149,149,148,148,148,148,148,148,148,148,149
149,149,149,149,149,149,149,149,149,149,149,149,149,149,149,149,149,149,149,149,149,149,149,149,149,160,144,155,156,138,69,34,63,56,60,63,51,46,52,53,54,55,55,57,59,61,64,65,70,74,78,79,80,85,94,101,111,102,113,120,121,116,104,112,122,109,125,109,94,88,90,87,84,76,101,95,98,100,94,154,156,174,185,174,179,121,77,42,45,30,43,41,33,63,111,118,95,65,103,103,86,98,85,90,89,89,90,89,86,81,77,74,74,73,72,71,70,69,68,67,64,64,63,62,62,61,60,60,54,54,56,59,63,65,65,65,53,59,60,49,32,23,26,34,21,23,28,33,38,43,46,48,55,68,74,64,58,65,67,58,46,74,86,57,65,61,95,53,78,69,63,62,60,54,54,57,64,64,63,62,62,61,60,60,60,60,60,59,59,58,58,58,44,45,47,48,47,45,42,40,41,45,30,73,147,150,152,149,149,149,149,149,149,149,149,149,148,148,148,148,148,148,148,148,149
149,149,149,149,149,149,149,149,149,149,149,149,149,149,149,149,149,149,149,149,149,149,149,149,154,143,148,156,166,97,55,56,73,67,65,58,49,55,60,51,57,57,56,56,57,60,63,65,68,72,76,76,76,81,89,96,114,112,126,127,123,117,103,108,107,104,125,99,87,77,94,108,97,79,94,86,93,97,86,133,159,167,169,184,171,155,76,56,46,31,38,41,60,104,108,83,64,98,95,96,83,78,101,78,79,81,84,84,81,75,69,65,71,71,70,69,68,67,66,65,63,62,62,61,60,60,59,59,55,54,55,59,64,65,62,58,55,49,40,34,30,29,28,27,24,27,33,39,44,47,49,49,57,76,76,59,54,60,58,49,61,83,70,65,56,73,97,72,103,88,79,81,80,74,74,80,63,62,62,61,60,60,59,59,56,56,56,56,57,57,57,57,45,46,48,49,48,46,42,40,37,51,40,42,116,142,154,152,149,149,149,149,149,149,149,149,148,148,148,148,148,148,148,148,149
149,149,149,149,149,149,149,149,149,149,149,149,149,149,149,149,149,149,149,149,149,149,149,149,153,136,154,149,119,59,54,60,65,57,60,63,56,58,65,64,61,59,57,56,57,60,63,66,67,71,74,74,74,78,86,93,109,107,115,110,112,118,106,102,94,102,113,94,85,90,106,137,124,106,85,86,94,90,94,107,155,168,161,180,167,179,101,66,46,30,45,68,97,111,82,65,77,93,93,71,90,97,73,92,89,88,87,85,82,79,76,74,70,69,68,67,66,65,64,63,62,61,61,60,59,58,58,58,58,56,55,59,64,64,58,52,52,41,28,24,27,31,30,26,29,33,39,45,49,51,51,50,47,69,68,58,64,65,60,64,86,79,63,85,81,79,101,97,104,96,89,88,89,86,81,77,62,61,61,60,59,58,58,58,52,52,53,53,54,55,55,55,46,48,50,51,50,47,44,42,37,46,49,35,67,127,154,150,149,149,149,149,149,149,149,149,148,148,148,148,148,148,148,148,149
149,149,149,149,149,149,149,149,149,149,149,149,149,149,149,149,149,149,149,149,149,149,149,149,147,144,156,140,51,41,52,42,55,40,49,74,68,53,63,82,63,61,58,57,57,60,64,67,67,70,73,73,72,76,84,91,85,79,81,74,87,108,99,90,84,94,88,83,81,104,110,148,137,131,87,105,112,90,104,79,134,162,162,160,172,196,147,79,47,36,68,97,96,68,55,101,87,86,88,87,78,89,101,80,89,85,79,73,71,71,72,74,69,68,67,66,65,64,63,63,61,61,60,60,59,58,57,57,60,57,56,60,65,64,56,47,44,37,28,22,22,26,30,32,33,37,43,48,52,53,52,51,57,69,57,49,62,62,64,88,78,71,74,74,97,80,111,84,73,77,77,77,84,90,83,69,61,61,60,60,59,58,57,57,49,50,50,51,52,53,54,54,48,49,51,52,51,49,46,44,40,36,53,39,29,116,152,147,149,149,149,149,149,149,149,149,148,148,148,148,148,148,148,148,149
148,148,148,148,148,148,148,148,148,148,148,148,148,148,148,148,148,148,148,148,148,148,148,148,147,150,154,91,41,49,49,55,53,50,56,50,56,70,62,59,54,55,56,57,59,61,62,62,66,66,68,71,73,75,77,78,82,82,82,83,83,84,84,84,89,85,85,81,80,97,112,107,122,121,101,130,121,102,99,94,112,166,172,178,176,199,173,90,58,67,107,98,69,65,95,86,86,87,81,91,87,95,84,81,78,63,83,75,70,58,59,62,62,61,61,61,60,60,60,59,56,56,56,56,56,56,56,56,55,51,54,60,58,46,39,40,32,31,29,28,29,31,34,36,44,42,46,63,45,47,47,52,47,60,69,60,62,65,88,69,59,63,74,87,83,69,98,76,109,104,87,77,83,83,81,86,67,66,64,61,58,55,53,52,50,55,52,54,63,58,46,44,46,46,46,46,46,46,46,46,43,43,43,43,40,55,132,147,148,148,148,148,148,148,148,148,148,148,148,148,148,148,148,148,149
